patient_id,total_logins_30_days,avg_session_duration_minutes,reminder_response_rate,medicine_searches,chat_interactions,reminder_snooze_rate
P00001,23,11.6,0.97,8,2,0.39
P00002,37,2.2,0.49,6,4,0.27
P00003,15,14.4,0.55,0,8,0.17
P00004,15,6.5,0.33,1,0,0.31
P00005,51,10.4,0.85,2,15,0.26
P00006,70,13.7,0.97,1,10,0.33
P00007,15,5.8,0.44,0,1,0.07
P00008,84,10.3,0.93,1,12,0.39
P00009,34,5.3,0.33,7,4,0.28
P00010,9,5.6,0.7,9,15,0.27
P00011,32,4.2,0.39,8,0,0.08
P00012,27,6.2,0.87,10,4,0.16
P00013,19,13.8,0.68,0,14,0.1
P00014,7,8.5,0.46,3,15,0.08
P00015,36,5.1,0.59,5,3,0.29
P00016,5,13.4,0.52,9,11,0.34
P00017,50,3.3,0.91,2,9,0.2
P00018,61,12.7,0.87,5,5,0.17
P00019,33,3.2,0.67,9,12,0.29
P00020,40,11.8,0.95,0,11,0.26
P00021,35,12.2,0.61,9,11,0.36
P00022,27,3.4,0.4,2,12,0.18
P00023,31,4.7,0.55,3,11,0.28
P00024,30,11.2,0.54,9,10,0.33
P00025,59,11.7,0.97,7,5,0.38
P00026,6,7.6,0.62,8,7,0.16
P00027,38,11.7,0.33,3,14,0.25
P00028,29,10.3,0.4,0,3,0.22
P00029,63,8.6,0.91,1,2,0.11
P00030,36,7.8,0.35,2,1,0.39
P00031,42,14.8,0.96,6,13,0.15
P00032,31,9.0,0.39,5,5,0.38
P00033,40,13.1,0.58,9,11,0.16
P00034,84,5.4,0.9,9,4,0.26
P00035,29,3.2,0.44,5,11,0.14
P00036,30,10.5,0.62,9,7,0.21
P00037,19,13.3,0.35,0,13,0.07
P00038,24,7.4,0.6,1,8,0.15
P00039,18,11.2,0.45,10,0,0.23
P00040,34,11.1,0.48,4,6,0.17
P00041,22,8.1,0.37,5,1,0.22
P00042,31,9.0,0.94,5,6,0.26
P00043,89,11.0,0.87,10,10,0.06
P00044,27,3.2,0.68,5,1,0.26
P00045,77,9.1,0.91,9,3,0.39
P00046,5,2.7,0.7,2,13,0.37
P00047,16,2.6,0.61,8,14,0.13
P00048,59,10.7,0.93,1,2,0.25
P00049,17,12.1,0.34,0,8,0.11
P00050,28,8.5,0.54,4,14,0.07
P00051,8,11.9,0.52,0,3,0.24
P00052,28,13.8,0.93,5,1,0.21
P00053,84,11.6,0.88,10,14,0.25
P00054,31,7.3,0.67,2,4,0.28
P00055,15,14.5,0.55,5,0,0.11
P00056,47,3.6,0.94,6,10,0.27
P00057,76,5.9,0.88,6,3,0.31
P00058,6,11.5,0.6,10,9,0.14
P00059,12,6.1,0.5,9,5,0.15
P00060,21,5.6,0.87,3,13,0.31
P00061,5,3.5,0.61,2,0,0.27
P00062,49,14.6,0.88,8,7,0.39
P00063,24,3.3,0.63,5,12,0.16
P00064,41,8.6,0.87,5,13,0.39
P00065,21,8.6,0.92,1,12,0.31
P00066,9,10.3,0.57,10,15,0.33
P00067,65,2.5,0.94,8,4,0.25
P00068,13,12.0,0.46,4,8,0.3
P00069,33,14.3,0.59,0,5,0.24
P00070,14,8.8,0.64,0,9,0.17
P00071,32,3.6,0.66,0,1,0.26
P00072,19,8.5,0.46,2,15,0.1
P00073,33,13.2,0.96,10,4,0.08
P00074,7,5.3,0.51,4,5,0.38
P00075,27,12.1,0.41,5,9,0.14
P00076,18,11.8,0.57,3,11,0.25
P00077,7,3.6,0.67,10,6,0.3
P00078,64,9.3,0.85,6,4,0.37
P00079,63,11.0,0.96,8,15,0.27
P00080,18,5.3,0.5,4,3,0.35
P00081,60,14.5,0.92,6,11,0.27
P00082,11,2.5,0.32,3,3,0.31
P00083,18,2.2,0.69,9,10,0.09
P00084,26,11.2,0.36,2,0,0.1
P00085,14,2.7,0.37,0,10,0.18
P00086,45,13.0,0.94,1,14,0.11
P00087,61,2.1,0.96,1,13,0.15
P00088,22,7.8,0.69,5,4,0.23
P00089,84,15.0,0.98,10,13,0.05
P00090,61,11.7,0.98,5,15,0.22
P00091,9,5.3,0.68,6,0,0.12
P00092,6,11.3,0.52,9,8,0.21
P00093,85,4.3,0.93,3,15,0.22
P00094,22,8.1,0.34,10,7,0.09
P00095,22,12.2,0.92,4,3,0.21
P00096,88,11.3,0.9,1,9,0.31
P00097,28,13.5,0.66,5,15,0.17
P00098,36,6.2,0.49,0,3,0.22
P00099,16,11.5,0.49,3,0,0.06
P00100,19,9.9,0.68,9,11,0.38
P00101,35,9.5,0.96,3,14,0.4
P00102,50,13.2,0.91,1,13,0.12
P00103,83,6.9,0.85,0,8,0.18
P00104,15,10.2,0.48,1,1,0.23
P00105,8,4.0,0.56,9,9,0.16
P00106,54,9.2,0.93,7,6,0.4
P00107,26,4.1,0.43,0,12,0.28
P00108,53,7.4,0.89,7,7,0.26
P00109,80,3.1,0.86,1,5,0.39
P00110,27,6.9,0.98,8,15,0.18
P00111,13,5.9,0.67,7,15,0.32
P00112,31,2.5,0.37,5,3,0.19
P00113,47,4.2,0.96,8,0,0.17
P00114,22,11.1,0.44,4,5,0.19
P00115,16,14.9,0.67,0,15,0.33
P00116,11,4.1,0.61,0,2,0.15
P00117,61,12.5,0.94,0,12,0.22
P00118,59,3.9,0.89,0,12,0.25
P00119,67,2.9,0.91,2,14,0.16
P00120,10,3.5,0.48,6,9,0.3
P00121,17,11.2,0.46,5,10,0.07
P00122,25,4.4,0.61,1,5,0.31
P00123,18,2.9,0.3,9,14,0.28
P00124,22,14.1,0.39,10,2,0.13
P00125,26,10.0,0.31,6,6,0.09
P00126,35,13.0,0.37,7,8,0.27
P00127,10,4.2,0.39,10,15,0.1
P00128,37,12.8,0.31,6,9,0.11
P00129,26,12.1,0.56,0,9,0.36
P00130,76,4.7,0.9,3,14,0.16
P00131,27,10.6,0.62,7,10,0.31
P00132,35,2.8,0.4,8,2,0.3
P00133,25,4.9,0.5,2,3,0.33
P00134,11,6.8,0.47,8,6,0.4
P00135,36,14.8,0.92,6,14,0.15
P00136,21,6.7,0.48,2,11,0.32
P00137,81,6.7,0.95,2,0,0.33
P00138,20,4.3,0.38,1,12,0.36
P00139,42,8.4,0.86,3,2,0.05
P00140,35,8.5,0.88,7,2,0.36
P00141,68,8.7,0.95,1,11,0.22
P00142,29,2.9,0.36,10,6,0.38
P00143,79,6.4,0.86,6,12,0.29
P00144,58,9.0,0.93,3,13,0.37
P00145,20,3.6,0.48,10,9,0.06
P00146,35,8.8,0.95,6,15,0.23
P00147,79,13.0,0.85,7,13,0.2
P00148,35,9.8,0.95,3,5,0.14
P00149,67,2.6,0.93,9,1,0.19
P00150,11,9.9,0.63,7,3,0.32
P00151,16,3.3,0.67,9,14,0.06
P00152,20,4.2,0.86,0,11,0.27
P00153,85,14.4,0.94,7,6,0.21
P00154,17,13.6,0.59,8,14,0.1
P00155,37,10.0,0.98,0,4,0.28
P00156,23,12.7,0.86,2,7,0.3
P00157,29,8.3,0.63,6,13,0.39
P00158,28,8.8,0.49,5,5,0.34
P00159,26,4.2,0.34,3,13,0.27
P00160,65,9.3,0.93,10,8,0.36
P00161,61,6.3,0.92,0,12,0.4
P00162,69,9.2,0.87,0,1,0.3
P00163,7,4.6,0.58,3,2,0.28
P00164,9,14.1,0.64,5,12,0.23
P00165,9,9.3,0.37,10,3,0.26
P00166,62,11.7,0.85,3,7,0.31
P00167,16,14.1,0.43,7,15,0.22
P00168,24,10.5,0.39,0,14,0.08
P00169,12,14.9,0.48,1,10,0.39
P00170,62,11.1,0.92,0,8,0.29
P00171,55,13.2,0.91,1,5,0.24
P00172,12,14.5,0.33,6,10,0.28
P00173,29,14.6,0.97,1,4,0.26
P00174,84,8.1,0.95,10,0,0.09
P00175,27,3.6,0.38,1,8,0.3
P00176,21,14.4,0.63,8,7,0.06
P00177,11,2.3,0.44,5,15,0.18
P00178,20,2.6,0.66,10,11,0.31
P00179,27,10.7,0.55,4,4,0.27
P00180,38,4.0,0.41,8,14,0.14
P00181,32,7.4,0.63,6,14,0.22
P00182,27,12.4,0.86,4,1,0.31
P00183,82,9.9,0.96,3,3,0.21
P00184,37,2.3,0.92,2,12,0.16
P00185,61,2.7,0.94,7,9,0.32
P00186,8,4.1,0.6,2,7,0.17
P00187,13,5.1,0.65,9,3,0.23
P00188,27,14.4,0.69,1,4,0.09
P00189,12,4.8,0.66,8,13,0.29
P00190,68,9.9,0.88,8,4,0.25
P00191,20,2.8,0.31,7,13,0.34
P00192,34,7.6,0.97,0,9,0.26
P00193,27,12.9,0.54,7,0,0.1
P00194,37,10.0,0.66,2,10,0.3
P00195,28,5.4,0.32,2,11,0.06
P00196,7,9.3,0.36,3,3,0.28
P00197,85,11.5,0.95,7,1,0.34
P00198,79,5.4,0.97,10,9,0.19
P00199,76,5.4,0.89,8,5,0.32
P00200,54,8.6,0.86,9,1,0.31
P00201,43,9.6,0.96,7,7,0.23
P00202,67,8.4,0.95,6,12,0.24
P00203,5,13.2,0.5,8,11,0.34
P00204,54,5.7,0.97,0,13,0.25
P00205,87,2.4,0.93,4,11,0.35
P00206,14,8.6,0.51,5,4,0.06
P00207,66,2.5,0.91,5,2,0.1
P00208,32,8.0,0.86,7,9,0.09
P00209,47,14.9,0.91,1,8,0.18
P00210,6,13.3,0.34,6,4,0.33
P00211,15,4.1,0.33,0,2,0.14
P00212,11,5.5,0.52,10,2,0.09
P00213,32,9.9,0.33,5,9,0.05
P00214,27,12.1,0.53,6,1,0.37
P00215,82,4.4,0.88,6,6,0.32
P00216,20,13.9,0.86,8,8,0.19
P00217,62,8.8,0.91,3,13,0.19
P00218,87,3.9,0.95,6,6,0.07
P00219,38,2.9,0.89,5,11,0.15
P00220,37,10.1,0.46,8,2,0.08
P00221,28,10.8,0.69,7,11,0.16
P00222,48,8.3,0.87,7,7,0.24
P00223,16,12.1,0.52,1,0,0.1
P00224,83,9.7,0.87,3,3,0.17
P00225,18,9.4,0.3,3,13,0.27
P00226,11,3.9,0.57,3,7,0.07
P00227,48,12.8,0.9,8,8,0.12
P00228,35,15.0,0.97,8,0,0.39
P00229,16,2.8,0.38,10,3,0.11
P00230,39,14.0,0.95,0,0,0.26
P00231,39,6.1,0.34,6,14,0.23
P00232,33,5.9,0.92,5,12,0.21
P00233,39,7.4,0.58,7,6,0.05
P00234,80,12.0,0.95,2,5,0.21
P00235,85,6.9,0.93,7,12,0.1
P00236,31,10.8,0.6,1,3,0.1
P00237,13,9.4,0.34,6,8,0.36
P00238,28,6.5,0.44,6,1,0.06
P00239,35,7.7,0.7,6,1,0.26
P00240,41,6.1,0.96,5,5,0.21
P00241,7,12.0,0.69,10,3,0.37
P00242,10,9.8,0.47,0,14,0.06
P00243,44,6.1,0.94,0,3,0.16
P00244,74,7.3,0.93,2,1,0.25
P00245,66,4.1,0.92,0,10,0.22
P00246,10,12.1,0.47,10,11,0.15
P00247,44,4.5,0.97,4,14,0.06
P00248,50,6.8,0.89,0,7,0.23
P00249,14,10.2,0.42,6,8,0.27
P00250,32,5.2,0.97,7,11,0.11
P00251,39,6.3,0.33,3,14,0.26
P00252,38,12.6,0.46,8,15,0.22
P00253,25,9.7,0.47,9,7,0.32
P00254,40,9.9,0.32,4,14,0.33
P00255,8,4.7,0.4,6,4,0.38
P00256,26,7.0,0.69,3,4,0.1
P00257,39,4.6,0.59,0,11,0.07
P00258,46,9.4,0.94,5,7,0.07
P00259,33,5.4,0.45,1,12,0.18
P00260,83,6.1,0.86,0,4,0.29
P00261,33,11.9,0.9,5,8,0.32
P00262,35,8.4,0.48,8,0,0.34
P00263,26,4.1,0.7,9,1,0.19
P00264,46,5.4,0.91,9,4,0.24
P00265,13,12.8,0.53,9,6,0.35
P00266,17,7.0,0.48,6,0,0.15
P00267,44,11.2,0.9,2,3,0.14
P00268,8,7.6,0.58,0,3,0.32
P00269,72,2.4,0.96,4,5,0.09
P00270,17,13.3,0.35,2,3,0.35
P00271,21,7.7,0.33,4,12,0.11
P00272,56,3.4,0.97,8,15,0.39
P00273,65,3.6,0.86,6,14,0.28
P00274,44,6.7,0.89,4,1,0.27
P00275,14,5.4,0.51,4,3,0.17
P00276,20,12.2,0.48,1,1,0.06
P00277,68,6.1,0.89,8,6,0.15
P00278,28,7.7,0.64,5,9,0.15
P00279,12,12.6,0.69,9,0,0.15
P00280,30,2.1,0.4,0,0,0.39
P00281,5,3.8,0.33,10,14,0.18
P00282,54,7.7,0.88,8,7,0.38
P00283,6,11.1,0.45,0,15,0.28
P00284,28,3.1,0.49,3,15,0.24
P00285,32,13.7,0.37,3,13,0.31
P00286,5,14.6,0.42,8,2,0.15
P00287,49,11.0,0.89,9,2,0.14
P00288,7,6.6,0.66,2,1,0.36
P00289,50,7.6,0.97,10,3,0.24
P00290,15,6.3,0.54,6,14,0.26
P00291,82,8.9,0.89,2,12,0.34
P00292,23,4.9,0.44,2,14,0.31
P00293,32,11.0,0.53,3,11,0.17
P00294,36,10.9,0.86,0,1,0.23
P00295,87,12.5,0.89,7,6,0.34
P00296,28,9.7,0.54,4,11,0.13
P00297,28,13.5,0.93,4,2,0.34
P00298,34,5.6,0.57,1,5,0.25
P00299,8,3.2,0.37,6,5,0.28
P00300,38,9.2,0.42,4,1,0.38
P00301,61,9.4,0.89,5,14,0.32
P00302,17,11.8,0.65,0,15,0.19
P00303,75,7.1,0.95,3,1,0.29
P00304,70,6.4,0.92,1,2,0.33
P00305,25,10.3,0.94,2,13,0.1
P00306,73,14.9,0.93,10,3,0.25
P00307,78,3.8,0.91,8,8,0.11
P00308,65,6.4,0.89,6,6,0.18
P00309,7,4.9,0.66,3,8,0.24
P00310,62,6.3,0.87,5,13,0.38
P00311,7,10.6,0.52,3,5,0.1
P00312,37,8.8,0.69,4,13,0.2
P00313,33,13.1,0.89,4,15,0.07
P00314,83,12.5,0.93,5,6,0.06
P00315,24,6.5,0.51,4,15,0.29
P00316,26,6.7,0.95,2,10,0.22
P00317,56,8.3,0.95,9,9,0.26
P00318,26,11.7,0.56,1,5,0.18
P00319,36,2.6,0.68,3,15,0.21
P00320,37,12.3,0.48,0,6,0.35
P00321,5,13.1,0.54,1,1,0.27
P00322,18,2.8,0.32,8,13,0.29
P00323,34,5.3,0.48,6,10,0.13
P00324,17,11.4,0.33,0,2,0.16
P00325,21,12.5,0.66,7,2,0.13
P00326,10,14.8,0.32,3,15,0.22
P00327,15,7.7,0.62,3,0,0.24
P00328,20,5.9,0.47,3,13,0.24
P00329,14,12.7,0.45,10,5,0.13
P00330,14,2.6,0.6,9,11,0.37
P00331,8,10.2,0.38,10,7,0.24
P00332,8,8.0,0.39,5,5,0.26
P00333,21,8.8,0.46,4,6,0.22
P00334,23,8.8,0.47,6,7,0.16
P00335,39,10.1,0.95,1,2,0.26
P00336,28,11.6,0.62,0,6,0.29
P00337,79,7.9,0.94,3,5,0.15
P00338,63,9.2,0.91,4,7,0.12
P00339,20,9.9,0.7,9,9,0.15
P00340,36,11.0,0.95,8,2,0.15
P00341,54,3.3,0.93,8,2,0.11
P00342,34,3.9,0.88,1,1,0.09
P00343,54,12.1,0.91,6,2,0.19
P00344,18,3.4,0.65,9,2,0.27
P00345,17,13.3,0.67,5,11,0.12
P00346,9,9.5,0.51,1,2,0.1
P00347,6,9.3,0.42,0,15,0.25
P00348,25,12.2,0.91,9,15,0.36
P00349,32,12.5,0.39,3,4,0.19
P00350,33,13.0,0.42,0,15,0.3
P00351,38,5.6,0.57,7,1,0.32
P00352,19,11.8,0.38,1,14,0.25
P00353,88,4.5,0.9,10,11,0.35
P00354,74,3.9,0.89,9,11,0.36
P00355,38,13.4,0.64,10,0,0.37
P00356,32,10.6,0.9,7,12,0.06
P00357,90,13.8,0.95,9,13,0.17
P00358,16,5.5,0.59,1,6,0.14
P00359,12,4.7,0.56,2,11,0.07
P00360,56,12.6,0.85,10,6,0.05
P00361,30,4.8,0.49,8,0,0.39
P00362,36,6.9,0.66,3,4,0.13
P00363,24,10.7,0.44,3,14,0.28
P00364,38,3.5,0.66,8,6,0.38
P00365,10,14.2,0.58,6,7,0.21
P00366,37,3.4,0.93,4,8,0.34
P00367,26,13.8,0.98,5,11,0.06
P00368,19,14.6,0.58,2,0,0.36
P00369,80,13.1,0.9,2,0,0.31
P00370,72,10.2,0.88,7,4,0.1
P00371,10,3.7,0.61,7,0,0.28
P00372,35,4.1,0.48,5,14,0.06
P00373,25,3.6,0.41,4,6,0.35
P00374,20,12.6,0.66,9,15,0.23
P00375,21,4.1,0.4,4,8,0.21
P00376,36,8.4,0.32,4,12,0.06
P00377,61,5.7,0.9,6,5,0.25
P00378,22,11.3,0.92,3,7,0.37
P00379,24,2.5,0.4,6,9,0.14
P00380,39,4.7,0.5,6,12,0.35
P00381,28,10.1,0.9,7,14,0.38
P00382,41,8.5,0.87,3,12,0.14
P00383,26,4.4,0.65,3,5,0.12
P00384,90,14.7,0.93,2,12,0.3
P00385,24,10.8,0.67,5,12,0.25
P00386,33,12.2,0.42,2,0,0.17
P00387,64,12.7,0.9,3,15,0.27
P00388,12,5.0,0.67,10,7,0.07
P00389,40,5.0,0.9,2,4,0.39
P00390,11,8.4,0.58,10,11,0.18
P00391,38,6.1,0.47,1,14,0.29
P00392,19,13.8,0.39,3,9,0.2
P00393,25,6.2,0.68,10,6,0.24
P00394,8,13.4,0.58,1,10,0.21
P00395,17,10.8,0.39,0,3,0.09
P00396,62,7.3,0.97,7,9,0.14
P00397,39,12.0,0.38,2,0,0.28
P00398,22,11.3,0.49,1,2,0.17
P00399,46,4.6,0.92,1,1,0.21
P00400,21,5.5,0.91,4,3,0.14
P00401,61,14.8,0.89,10,5,0.08
P00402,47,11.1,0.92,3,11,0.23
P00403,14,4.8,0.69,10,10,0.16
P00404,44,7.5,0.89,1,3,0.36
P00405,37,12.9,0.87,8,9,0.39
P00406,32,5.7,0.87,3,10,0.22
P00407,38,2.8,0.66,5,4,0.18
P00408,7,14.6,0.66,6,10,0.22
P00409,29,13.6,0.48,3,8,0.08
P00410,24,6.5,0.92,2,14,0.38
P00411,32,3.1,0.64,8,11,0.38
P00412,13,8.0,0.51,0,1,0.31
P00413,23,11.9,0.46,1,10,0.08
P00414,27,9.8,0.6,6,9,0.21
P00415,22,6.3,0.68,2,14,0.2
P00416,47,3.1,0.91,0,1,0.12
P00417,18,10.1,0.51,0,13,0.2
P00418,9,13.2,0.58,1,8,0.06
P00419,51,10.1,0.88,1,14,0.06
P00420,68,12.5,0.85,5,15,0.14
P00421,33,12.0,0.52,2,10,0.08
P00422,20,2.1,0.43,8,14,0.13
P00423,25,12.4,0.66,2,10,0.36
P00424,9,12.0,0.57,7,7,0.27
P00425,81,4.9,0.95,3,13,0.34
P00426,29,11.0,0.43,4,15,0.08
P00427,29,5.3,0.6,1,6,0.25
P00428,76,14.3,0.91,8,2,0.17
P00429,86,13.6,0.94,5,13,0.39
P00430,13,14.8,0.4,1,6,0.23
P00431,28,6.1,0.54,9,9,0.07
P00432,15,4.8,0.4,2,2,0.36
P00433,55,9.3,0.93,6,14,0.37
P00434,34,13.7,0.65,2,10,0.06
P00435,6,7.0,0.31,6,5,0.21
P00436,35,5.3,0.87,5,11,0.22
P00437,42,12.6,0.9,4,14,0.23
P00438,20,10.6,0.65,0,7,0.31
P00439,11,7.0,0.59,3,8,0.16
P00440,42,11.5,0.85,0,8,0.31
P00441,36,10.9,0.67,4,13,0.22
P00442,83,11.1,0.86,9,12,0.36
P00443,37,5.4,0.31,3,14,0.31
P00444,11,12.7,0.67,7,15,0.06
P00445,61,9.8,0.87,7,7,0.34
P00446,39,12.6,0.88,0,7,0.2
P00447,47,6.9,0.92,4,5,0.12
P00448,11,4.6,0.44,2,11,0.11
P00449,79,6.3,0.89,0,4,0.32
P00450,34,12.1,0.3,3,5,0.19
P00451,77,8.0,0.88,5,10,0.3
P00452,38,9.6,0.68,8,8,0.32
P00453,37,6.9,0.58,7,8,0.26
P00454,79,10.3,0.92,7,10,0.14
P00455,22,8.5,0.86,5,14,0.1
P00456,33,4.6,0.97,1,14,0.12
P00457,42,11.8,0.89,0,8,0.27
P00458,18,4.9,0.57,10,10,0.2
P00459,34,13.8,0.32,7,2,0.13
P00460,26,5.0,0.41,1,5,0.35
P00461,14,10.6,0.64,1,15,0.25
P00462,86,4.6,0.94,2,15,0.11
P00463,20,6.5,0.34,3,2,0.27
P00464,26,5.8,0.32,5,8,0.24
P00465,53,14.1,0.89,3,10,0.07
P00466,67,8.0,0.97,5,3,0.35
P00467,45,2.8,0.92,3,8,0.21
P00468,68,5.2,0.9,1,14,0.1
P00469,14,14.4,0.6,7,10,0.38
P00470,28,13.7,0.52,5,8,0.33
P00471,9,13.4,0.37,8,9,0.4
P00472,20,9.0,0.67,6,0,0.15
P00473,50,4.2,0.93,7,1,0.31
P00474,41,7.2,0.97,6,0,0.16
P00475,23,6.3,0.37,2,5,0.22
P00476,12,11.1,0.69,3,5,0.23
P00477,58,9.4,0.95,7,15,0.23
P00478,58,11.4,0.89,2,12,0.25
P00479,10,14.5,0.63,8,7,0.13
P00480,27,2.4,0.32,6,5,0.33
P00481,27,10.0,0.52,1,6,0.28
P00482,7,8.5,0.39,1,12,0.09
P00483,32,9.5,0.68,2,5,0.38
P00484,22,14.1,0.95,7,8,0.38
P00485,24,14.0,0.89,2,1,0.1
P00486,74,8.4,0.85,10,9,0.34
P00487,11,5.2,0.39,7,10,0.09
P00488,43,5.4,0.93,0,9,0.29
P00489,18,13.6,0.6,4,2,0.33
P00490,23,8.3,0.66,4,6,0.06
P00491,88,11.7,0.95,9,8,0.14
P00492,39,5.3,0.57,1,1,0.14
P00493,38,9.8,0.95,6,5,0.28
P00494,32,10.1,0.52,10,2,0.08
P00495,29,7.1,0.92,7,10,0.34
P00496,10,6.0,0.63,0,12,0.1
P00497,16,11.3,0.44,7,12,0.4
P00498,11,14.6,0.51,10,2,0.27
P00499,15,8.7,0.44,1,3,0.33
P00500,13,3.6,0.49,7,13,0.2
P00501,40,9.8,0.43,7,13,0.11
P00502,37,5.6,0.55,1,5,0.38
P00503,62,10.2,0.92,7,15,0.17
P00504,51,8.6,0.92,2,7,0.26
P00505,42,14.1,0.86,4,12,0.24
P00506,54,10.8,0.97,10,5,0.35
P00507,80,2.3,0.96,0,13,0.33
P00508,24,13.6,0.9,8,4,0.27
P00509,19,11.8,0.69,3,1,0.05
P00510,10,9.8,0.39,7,3,0.22
P00511,30,7.5,0.38,4,0,0.27
P00512,34,12.6,0.37,1,5,0.13
P00513,82,6.4,0.94,0,13,0.35
P00514,76,4.3,0.97,4,5,0.13
P00515,25,14.0,0.35,6,13,0.39
P00516,27,12.4,0.45,5,7,0.18
P00517,38,8.3,0.47,6,3,0.37
P00518,52,13.4,0.89,5,2,0.24
P00519,58,11.1,0.88,9,2,0.28
P00520,10,10.6,0.44,9,1,0.14
P00521,10,8.5,0.45,10,14,0.08
P00522,56,6.6,0.88,1,6,0.33
P00523,5,12.2,0.34,0,10,0.39
P00524,22,12.2,0.48,2,4,0.16
P00525,20,10.3,0.92,1,3,0.06
P00526,36,4.8,0.35,3,1,0.23
P00527,13,8.6,0.39,6,6,0.26
P00528,40,13.8,0.47,2,8,0.25
P00529,16,12.1,0.38,0,2,0.25
P00530,84,14.5,0.91,5,12,0.36
P00531,21,11.6,0.32,0,0,0.12
P00532,55,9.1,0.95,2,14,0.31
P00533,34,6.7,0.54,3,12,0.31
P00534,36,3.0,0.54,5,11,0.29
P00535,55,14.2,0.94,10,4,0.13
P00536,31,9.9,0.34,5,15,0.35
P00537,67,10.4,0.97,4,1,0.29
P00538,39,2.4,0.86,6,15,0.17
P00539,33,2.3,0.41,1,3,0.25
P00540,18,3.7,0.68,6,8,0.22
P00541,38,4.7,0.6,6,11,0.14
P00542,12,5.6,0.31,7,7,0.36
P00543,13,4.9,0.54,3,15,0.31
P00544,33,4.2,0.62,4,2,0.35
P00545,22,2.0,0.5,1,3,0.32
P00546,21,8.5,0.42,9,0,0.3
P00547,25,7.1,0.87,8,6,0.05
P00548,11,13.1,0.57,0,9,0.08
P00549,17,10.4,0.34,1,2,0.39
P00550,40,3.4,0.33,3,0,0.39
P00551,28,2.8,0.66,9,3,0.15
P00552,22,7.4,0.51,1,14,0.12
P00553,83,14.4,0.91,4,1,0.2
P00554,80,11.8,0.85,0,13,0.34
P00555,87,7.9,0.85,1,4,0.23
P00556,9,6.6,0.33,10,9,0.2
P00557,27,9.6,0.59,9,9,0.08
P00558,11,4.5,0.42,3,7,0.06
P00559,32,7.1,0.88,8,1,0.08
P00560,64,13.1,0.93,4,10,0.14
P00561,15,8.6,0.66,0,9,0.29
P00562,24,13.8,0.65,1,9,0.26
P00563,9,8.8,0.33,1,10,0.28
P00564,46,6.2,0.93,8,11,0.31
P00565,46,4.6,0.85,10,5,0.18
P00566,31,2.8,0.65,6,1,0.19
P00567,10,10.8,0.41,2,8,0.33
P00568,73,6.4,0.93,3,12,0.23
P00569,20,6.1,0.64,1,15,0.26
P00570,30,13.9,0.54,6,14,0.08
P00571,74,14.7,0.9,1,3,0.1
P00572,18,14.2,0.36,5,0,0.08
P00573,9,12.7,0.48,10,1,0.33
P00574,61,3.4,0.96,2,4,0.13
P00575,5,7.5,0.63,6,12,0.32
P00576,34,14.8,0.51,3,11,0.35
P00577,18,7.0,0.31,2,7,0.19
P00578,78,5.8,0.92,9,15,0.39
P00579,40,11.0,0.59,3,7,0.11
P00580,34,9.7,0.41,1,5,0.26
P00581,75,8.1,0.94,1,10,0.24
P00582,19,9.7,0.62,2,12,0.15
P00583,27,7.3,0.61,4,9,0.16
P00584,79,12.1,0.88,0,11,0.3
P00585,82,10.6,0.93,10,5,0.29
P00586,30,13.6,0.85,4,8,0.12
P00587,15,11.7,0.5,0,8,0.13
P00588,76,5.8,0.87,6,8,0.26
P00589,89,5.9,0.91,7,5,0.08
P00590,82,5.7,0.97,6,4,0.2
P00591,23,8.4,0.9,9,9,0.35
P00592,37,3.0,0.88,3,4,0.37
P00593,57,11.8,0.85,4,5,0.31
P00594,25,11.7,0.32,8,0,0.2
P00595,71,3.4,0.88,1,12,0.18
P00596,34,12.8,0.87,7,13,0.24
P00597,38,10.0,0.86,0,0,0.32
P00598,74,2.6,0.9,8,11,0.18
P00599,18,9.8,0.56,4,4,0.23
P00600,88,10.2,0.95,3,6,0.06
P00601,87,13.0,0.96,5,13,0.12
P00602,88,3.0,0.9,6,3,0.27
P00603,68,5.4,0.88,0,5,0.27
P00604,40,6.2,0.69,2,11,0.11
P00605,28,8.1,0.89,10,12,0.17
P00606,19,13.9,0.42,5,2,0.18
P00607,35,9.0,0.32,0,4,0.19
P00608,70,14.0,0.89,4,8,0.35
P00609,35,13.2,0.45,1,14,0.07
P00610,85,11.5,0.95,4,10,0.12
P00611,17,8.0,0.4,3,10,0.06
P00612,24,13.7,0.45,4,1,0.3
P00613,58,9.1,0.92,9,1,0.13
P00614,65,7.6,0.95,7,0,0.39
P00615,35,10.3,0.32,1,10,0.27
P00616,78,6.0,0.91,1,1,0.32
P00617,60,5.6,0.95,1,6,0.22
P00618,24,12.9,0.39,9,15,0.17
P00619,89,2.4,0.88,8,7,0.28
P00620,65,13.5,0.86,7,15,0.16
P00621,61,8.7,0.92,5,10,0.1
P00622,27,14.9,0.85,10,15,0.39
P00623,20,6.0,0.65,6,0,0.23
P00624,12,13.1,0.66,7,11,0.27
P00625,28,12.1,0.41,8,12,0.23
P00626,5,4.8,0.4,3,14,0.39
P00627,20,5.1,0.38,6,13,0.36
P00628,80,2.3,0.89,2,7,0.33
P00629,64,13.0,0.86,3,9,0.13
P00630,30,10.5,0.9,10,10,0.11
P00631,34,14.9,0.6,5,9,0.12
P00632,13,11.7,0.57,4,15,0.2
P00633,71,6.4,0.95,5,5,0.21
P00634,32,4.9,0.32,0,9,0.15
P00635,18,8.5,0.39,1,15,0.16
P00636,58,3.7,0.86,7,11,0.38
P00637,18,4.3,0.44,9,0,0.16
P00638,65,10.3,0.89,2,12,0.08
P00639,29,14.9,0.35,4,0,0.22
P00640,75,13.3,0.93,2,7,0.1
P00641,11,3.9,0.57,5,4,0.25
P00642,36,7.4,0.32,10,5,0.37
P00643,27,13.8,0.58,8,4,0.22
P00644,34,12.4,0.9,1,2,0.4
P00645,34,5.1,0.43,3,7,0.3
P00646,16,8.0,0.32,6,0,0.08
P00647,15,5.7,0.69,5,12,0.1
P00648,35,8.8,0.51,10,14,0.36
P00649,45,8.5,0.95,7,15,0.32
P00650,37,3.2,0.54,5,2,0.14
P00651,31,6.3,0.91,3,2,0.17
P00652,15,9.3,0.66,7,4,0.37
P00653,23,2.5,0.46,0,9,0.06
P00654,46,3.9,0.85,7,13,0.14
P00655,12,6.3,0.47,4,8,0.27
P00656,41,12.3,0.89,3,8,0.05
P00657,35,4.4,0.97,8,13,0.27
P00658,60,13.1,0.87,4,2,0.19
P00659,70,10.2,0.9,1,13,0.09
P00660,18,12.3,0.4,6,11,0.33
P00661,69,9.4,0.97,5,1,0.2
P00662,34,11.0,0.46,2,13,0.15
P00663,40,8.9,0.56,3,6,0.38
P00664,23,4.2,0.89,5,3,0.17
P00665,22,2.2,0.68,5,0,0.08
P00666,13,3.1,0.55,10,14,0.4
P00667,22,14.5,0.34,5,12,0.18
P00668,73,4.0,0.96,2,9,0.21
P00669,19,10.9,0.35,10,9,0.36
P00670,37,2.2,0.38,0,4,0.21
P00671,77,13.1,0.92,4,12,0.38
P00672,28,12.6,0.46,2,15,0.18
P00673,32,5.7,0.87,3,6,0.11
P00674,28,6.0,0.96,4,9,0.15
P00675,13,10.6,0.45,8,9,0.06
P00676,38,3.0,0.5,2,14,0.18
P00677,42,4.2,0.89,1,2,0.08
P00678,28,8.8,0.34,4,5,0.29
P00679,6,8.8,0.67,8,0,0.15
P00680,29,2.0,0.95,3,9,0.07
P00681,15,6.9,0.5,2,10,0.2
P00682,33,11.8,0.68,3,3,0.14
P00683,69,11.7,0.89,9,0,0.34
P00684,40,4.6,0.64,5,15,0.22
P00685,28,10.8,0.43,10,13,0.07
P00686,22,13.5,0.45,4,14,0.15
P00687,78,10.4,0.93,5,8,0.28
P00688,23,4.3,0.92,9,5,0.08
P00689,59,10.6,0.94,7,15,0.2
P00690,87,7.3,0.89,7,9,0.1
P00691,25,2.6,0.89,9,4,0.11
P00692,24,8.9,0.93,0,13,0.23
P00693,49,12.5,0.97,4,10,0.28
P00694,17,13.7,0.6,4,0,0.24
P00695,46,11.2,0.92,0,2,0.32
P00696,11,7.3,0.64,5,4,0.28
P00697,57,11.2,0.9,10,0,0.35
P00698,30,5.1,0.54,1,12,0.28
P00699,31,11.7,0.87,9,7,0.31
P00700,80,10.6,0.87,2,11,0.14
P00701,31,11.5,0.36,0,10,0.05
P00702,27,13.0,0.57,6,1,0.17
P00703,69,10.4,0.88,3,1,0.2
P00704,6,5.3,0.57,1,1,0.36
P00705,30,9.9,0.45,5,0,0.28
P00706,21,2.6,0.53,1,15,0.3
P00707,66,9.0,0.96,0,12,0.17
P00708,21,6.0,0.54,2,3,0.3
P00709,33,12.8,0.43,4,14,0.34
P00710,5,10.2,0.59,5,8,0.37
P00711,34,9.7,0.58,4,15,0.36
P00712,68,13.7,0.91,8,0,0.18
P00713,85,6.3,0.86,7,9,0.36
P00714,18,3.9,0.5,10,14,0.28
P00715,51,4.1,0.89,3,2,0.13
P00716,40,9.8,0.48,8,12,0.33
P00717,40,6.0,0.31,6,14,0.18
P00718,14,13.5,0.69,6,12,0.1
P00719,68,9.3,0.91,4,6,0.31
P00720,50,5.9,0.88,10,5,0.33
P00721,37,11.7,0.64,10,13,0.15
P00722,35,12.6,0.59,5,2,0.13
P00723,65,13.8,0.88,3,13,0.39
P00724,22,2.1,0.53,7,3,0.22
P00725,33,12.1,0.39,4,6,0.17
P00726,20,3.1,0.93,4,11,0.23
P00727,35,14.0,0.58,6,1,0.09
P00728,31,8.9,0.4,5,9,0.25
P00729,20,6.4,0.49,6,14,0.19
P00730,59,13.2,0.87,5,10,0.36
P00731,28,3.4,0.9,5,10,0.23
P00732,33,14.5,0.36,1,1,0.3
P00733,36,7.2,0.43,0,4,0.18
P00734,61,3.0,0.85,10,1,0.26
P00735,25,6.1,0.33,0,15,0.1
P00736,79,2.6,0.87,10,8,0.18
P00737,6,7.1,0.58,4,10,0.15
P00738,64,7.6,0.93,5,9,0.29
P00739,38,7.5,0.57,3,9,0.16
P00740,28,10.7,0.89,0,3,0.31
P00741,36,2.1,0.61,2,5,0.23
P00742,37,12.7,0.9,7,12,0.1
P00743,22,3.8,0.85,2,0,0.15
P00744,26,4.3,0.87,1,10,0.24
P00745,74,5.6,0.9,2,12,0.39
P00746,54,8.6,0.88,0,7,0.11
P00747,26,8.4,0.32,10,7,0.19
P00748,31,5.2,0.69,7,4,0.39
P00749,87,7.8,0.97,10,6,0.28
P00750,34,6.1,0.68,7,6,0.18
P00751,6,4.9,0.3,4,4,0.39
P00752,28,9.3,0.32,8,14,0.34
P00753,27,3.9,0.33,0,0,0.06
P00754,17,3.9,0.61,0,3,0.33
P00755,38,6.7,0.41,8,11,0.13
P00756,49,12.9,0.92,6,4,0.31
P00757,26,4.1,0.68,6,11,0.32
P00758,32,10.4,0.87,0,0,0.39
P00759,80,14.7,0.97,6,11,0.38
P00760,9,3.9,0.32,10,15,0.19
P00761,20,9.6,0.93,1,15,0.21
P00762,37,10.6,0.47,9,6,0.11
P00763,40,3.1,0.69,2,3,0.07
P00764,40,5.9,0.5,7,14,0.28
P00765,32,14.0,0.61,1,13,0.3
P00766,40,9.5,0.86,6,6,0.1
P00767,6,7.2,0.31,1,0,0.19
P00768,23,3.1,0.42,1,4,0.3
P00769,35,8.0,0.87,7,15,0.1
P00770,27,10.4,0.3,1,5,0.29
P00771,47,9.8,0.94,6,2,0.06
P00772,47,3.5,0.97,4,2,0.14
P00773,66,7.9,0.85,2,11,0.09
P00774,38,9.9,0.36,0,2,0.19
P00775,22,4.4,0.95,1,15,0.1
P00776,7,7.9,0.37,6,1,0.33
P00777,87,9.9,0.91,6,12,0.3
P00778,34,10.1,0.42,8,4,0.24
P00779,60,8.3,0.86,2,14,0.06
P00780,5,12.3,0.5,6,6,0.14
P00781,77,2.4,0.88,7,11,0.2
P00782,6,9.1,0.63,10,3,0.27
P00783,80,4.2,0.88,8,7,0.36
P00784,22,5.8,0.57,4,11,0.07
P00785,22,9.9,0.48,8,15,0.31
P00786,37,5.3,0.89,7,0,0.39
P00787,32,13.9,0.34,2,9,0.28
P00788,40,14.1,0.35,8,0,0.06
P00789,40,2.2,0.52,6,10,0.32
P00790,35,6.7,0.49,5,7,0.07
P00791,83,13.4,0.95,0,1,0.12
P00792,60,5.1,0.88,0,1,0.1
P00793,13,9.9,0.55,0,7,0.39
P00794,65,4.6,0.88,8,0,0.21
P00795,90,3.1,0.89,9,11,0.36
P00796,61,4.0,0.97,4,14,0.23
P00797,80,7.9,0.87,9,8,0.13
P00798,29,4.3,0.46,0,0,0.23
P00799,15,9.0,0.55,8,14,0.12
P00800,87,4.1,0.91,4,11,0.4
P00801,27,9.9,0.38,8,13,0.08
P00802,64,14.1,0.86,3,4,0.17
P00803,19,11.2,0.35,8,13,0.06
P00804,10,11.6,0.65,0,9,0.27
P00805,90,2.2,0.96,1,5,0.09
P00806,57,9.1,0.96,8,1,0.26
P00807,14,3.1,0.5,5,13,0.22
P00808,19,11.9,0.53,7,7,0.17
P00809,69,8.9,0.96,5,0,0.18
P00810,35,11.9,0.64,6,7,0.36
P00811,26,13.5,0.97,3,11,0.37
P00812,59,3.8,0.97,3,4,0.07
P00813,28,13.6,0.54,7,12,0.26
P00814,41,3.2,0.93,8,8,0.31
P00815,59,10.4,0.89,9,3,0.12
P00816,31,2.4,0.44,6,8,0.34
P00817,44,6.4,0.87,9,0,0.2
P00818,68,9.9,0.92,10,10,0.19
P00819,59,10.2,0.97,3,3,0.09
P00820,75,8.3,0.97,7,11,0.25
P00821,36,8.3,0.52,0,12,0.27
P00822,18,7.6,0.47,8,3,0.33
P00823,31,13.2,0.52,3,10,0.13
P00824,34,13.7,0.45,9,15,0.07
P00825,48,12.7,0.86,10,9,0.28
P00826,13,10.3,0.33,3,1,0.4
P00827,50,4.0,0.95,9,9,0.05
P00828,32,4.1,0.97,6,3,0.13
P00829,10,4.6,0.51,9,0,0.16
P00830,76,2.2,0.92,8,11,0.17
P00831,72,3.7,0.94,10,11,0.14
P00832,23,10.9,0.47,6,7,0.15
P00833,36,2.6,0.88,7,4,0.28
P00834,62,14.1,0.94,4,4,0.38
P00835,23,3.3,0.45,9,7,0.1
P00836,8,13.7,0.52,2,12,0.17
P00837,14,6.5,0.65,3,5,0.29
P00838,40,12.6,0.45,8,5,0.07
P00839,71,14.4,0.85,2,4,0.13
P00840,18,9.7,0.32,7,13,0.12
P00841,88,2.9,0.98,4,7,0.13
P00842,10,2.9,0.46,1,7,0.3
P00843,20,12.2,0.67,1,1,0.21
P00844,27,10.7,0.62,4,4,0.25
P00845,25,8.0,0.45,2,6,0.27
P00846,14,6.0,0.34,2,1,0.05
P00847,25,4.0,0.61,8,13,0.32
P00848,56,14.4,0.86,2,13,0.37
P00849,22,6.0,0.58,3,12,0.06
P00850,9,11.3,0.34,4,9,0.17
P00851,23,14.9,0.95,9,8,0.34
P00852,14,5.8,0.49,0,9,0.29
P00853,7,6.7,0.59,3,9,0.2
P00854,76,5.5,0.96,6,12,0.22
P00855,7,3.5,0.64,4,4,0.17
P00856,23,3.2,0.89,3,6,0.37
P00857,21,4.7,0.46,3,0,0.18
P00858,27,12.6,0.47,6,8,0.33
P00859,63,10.2,0.86,1,3,0.35
P00860,82,13.2,0.9,2,11,0.17
P00861,25,11.4,0.34,7,7,0.3
P00862,36,2.9,0.69,4,7,0.07
P00863,8,3.5,0.42,8,11,0.17
P00864,37,12.5,0.48,8,0,0.4
P00865,78,5.4,0.91,8,15,0.39
P00866,7,11.5,0.65,0,12,0.18
P00867,30,8.6,0.46,0,3,0.2
P00868,83,13.3,0.94,5,10,0.19
P00869,54,11.5,0.86,6,8,0.17
P00870,36,6.2,0.4,7,2,0.4
P00871,40,3.1,0.94,3,8,0.23
P00872,73,5.3,0.89,1,7,0.29
P00873,22,7.3,0.91,4,7,0.12
P00874,5,4.6,0.49,8,2,0.17
P00875,79,6.4,0.87,10,12,0.08
P00876,16,10.3,0.44,2,14,0.07
P00877,72,11.1,0.91,7,1,0.21
P00878,49,3.0,0.91,7,12,0.19
P00879,74,4.3,0.89,8,6,0.32
P00880,17,5.0,0.65,1,13,0.28
P00881,22,9.2,0.68,0,11,0.25
P00882,41,7.3,0.96,3,0,0.28
P00883,19,4.7,0.46,1,1,0.14
P00884,23,11.8,0.89,10,3,0.15
P00885,25,13.2,0.41,0,13,0.14
P00886,15,7.2,0.65,6,10,0.39
P00887,29,7.1,0.63,3,0,0.21
P00888,23,5.9,0.98,8,0,0.34
P00889,7,2.9,0.42,5,4,0.19
P00890,78,7.6,0.94,1,9,0.38
P00891,90,2.8,0.98,2,2,0.26
P00892,5,9.2,0.61,2,10,0.12
P00893,31,9.3,0.54,8,0,0.21
P00894,9,12.8,0.38,1,11,0.14
P00895,74,8.0,0.95,2,14,0.11
P00896,29,7.6,0.86,3,10,0.21
P00897,85,4.0,0.86,1,4,0.17
P00898,14,12.3,0.43,6,11,0.32
P00899,20,3.6,0.42,4,2,0.2
P00900,15,6.8,0.31,6,8,0.15
P00901,15,10.7,0.6,9,15,0.13
P00902,69,11.8,0.94,5,3,0.3
P00903,9,14.2,0.41,3,10,0.07
P00904,40,10.0,0.52,2,11,0.22
P00905,40,7.1,0.43,1,10,0.13
P00906,73,5.2,0.85,0,14,0.13
P00907,74,12.0,0.88,5,0,0.36
P00908,35,10.0,0.89,5,10,0.14
P00909,84,12.2,0.86,6,6,0.13
P00910,11,2.5,0.66,3,2,0.26
P00911,36,11.6,0.91,10,11,0.07
P00912,39,6.2,0.61,9,7,0.4
P00913,36,7.0,0.47,1,1,0.22
P00914,11,5.1,0.6,10,7,0.15
P00915,34,8.4,0.94,7,7,0.28
P00916,40,8.9,0.53,7,12,0.22
P00917,9,7.3,0.32,7,4,0.22
P00918,31,12.0,0.42,8,6,0.2
P00919,50,13.2,0.97,1,8,0.18
P00920,16,7.4,0.37,3,11,0.38
P00921,33,11.3,0.6,6,5,0.14
P00922,16,5.7,0.51,0,0,0.19
P00923,71,12.4,0.96,8,9,0.23
P00924,69,13.9,0.88,9,6,0.38
P00925,63,12.6,0.92,10,10,0.11
P00926,54,5.0,0.91,1,2,0.12
P00927,15,11.3,0.65,9,3,0.27
P00928,35,8.3,0.32,6,6,0.1
P00929,32,8.3,0.6,10,14,0.28
P00930,9,8.0,0.5,8,5,0.4
P00931,30,10.1,0.86,10,3,0.21
P00932,20,12.2,0.63,0,9,0.37
P00933,55,14.7,0.95,0,13,0.23
P00934,54,6.5,0.89,7,6,0.06
P00935,36,8.1,0.52,2,15,0.36
P00936,27,4.0,0.32,2,12,0.14
P00937,64,12.5,0.89,3,14,0.19
P00938,40,13.0,0.59,0,6,0.21
P00939,24,8.4,0.36,7,3,0.16
P00940,62,14.0,0.98,3,13,0.15
P00941,31,14.4,0.49,4,2,0.24
P00942,72,2.0,0.91,7,14,0.05
P00943,39,13.4,0.65,9,13,0.23
P00944,40,12.1,0.51,9,2,0.05
P00945,21,7.6,0.5,9,11,0.28
P00946,34,11.0,0.52,10,6,0.33
P00947,29,10.8,0.95,2,8,0.11
P00948,40,12.0,0.31,3,6,0.38
P00949,28,4.8,0.58,2,5,0.14
P00950,5,6.8,0.58,1,12,0.34
P00951,47,5.8,0.87,3,0,0.14
P00952,11,5.5,0.59,7,4,0.15
P00953,14,9.3,0.67,4,12,0.22
P00954,35,2.4,0.44,0,4,0.22
P00955,21,3.2,0.43,8,14,0.4
P00956,49,7.7,0.87,5,7,0.25
P00957,13,14.9,0.57,3,8,0.12
P00958,38,5.0,0.51,7,8,0.06
P00959,70,4.3,0.86,9,8,0.34
P00960,54,9.8,0.93,0,1,0.29
P00961,66,4.2,0.95,6,1,0.37
P00962,22,11.1,0.92,1,14,0.15
P00963,53,2.5,0.91,6,2,0.19
P00964,28,10.7,0.98,4,13,0.25
P00965,24,6.8,0.67,2,3,0.19
P00966,15,14.1,0.51,10,2,0.37
P00967,74,5.7,0.92,7,9,0.19
P00968,26,11.8,0.86,5,10,0.17
P00969,26,3.1,0.39,4,8,0.25
P00970,18,5.7,0.45,4,6,0.23
P00971,73,10.2,0.94,4,15,0.19
P00972,22,4.0,0.55,10,9,0.32
P00973,68,4.4,0.93,1,0,0.31
P00974,28,11.4,0.35,9,6,0.11
P00975,63,11.3,0.88,9,13,0.4
P00976,84,10.0,0.87,10,7,0.19
P00977,38,2.5,0.61,9,14,0.31
P00978,23,12.3,0.69,10,4,0.18
P00979,38,7.5,0.55,7,8,0.33
P00980,27,7.1,0.69,7,10,0.17
P00981,24,14.5,0.44,9,11,0.08
P00982,86,8.3,0.96,5,9,0.1
P00983,14,2.0,0.59,8,2,0.24
P00984,40,10.9,0.57,5,5,0.35
P00985,35,2.8,0.49,9,10,0.33
P00986,9,15.0,0.57,1,8,0.39
P00987,25,13.9,0.39,5,0,0.27
P00988,54,13.0,0.87,6,2,0.06
P00989,43,11.1,0.88,2,11,0.27
P00990,12,3.5,0.39,5,3,0.4
P00991,56,3.2,0.85,2,0,0.36
P00992,33,3.0,0.46,6,15,0.19
P00993,75,14.9,0.91,8,2,0.1
P00994,30,13.7,0.37,4,10,0.29
P00995,33,6.4,0.88,2,10,0.36
P00996,62,4.9,0.88,9,4,0.37
P00997,38,14.2,0.68,5,9,0.28
P00998,8,9.7,0.6,1,9,0.16
P00999,41,9.8,0.95,5,14,0.2
P01000,27,14.1,0.89,2,0,0.12
P01001,66,5.9,0.87,7,5,0.35
P01002,6,13.7,0.54,3,7,0.08
P01003,7,13.5,0.38,0,4,0.12
P01004,18,12.8,0.36,9,1,0.1
P01005,40,8.8,0.93,3,1,0.22
P01006,36,5.7,0.86,4,13,0.22
P01007,22,12.5,0.69,5,4,0.13
P01008,42,11.2,0.88,8,4,0.07
P01009,17,10.3,0.32,6,15,0.15
P01010,29,11.5,0.67,4,11,0.29
P01011,16,6.8,0.58,9,12,0.19
P01012,75,2.2,0.97,3,14,0.17
P01013,38,3.5,0.39,6,6,0.3
P01014,38,9.2,0.65,6,5,0.08
P01015,13,11.5,0.65,5,10,0.36
P01016,80,4.3,0.89,6,14,0.34
P01017,28,5.2,0.68,9,12,0.17
P01018,40,3.1,0.64,3,6,0.08
P01019,39,13.8,0.3,10,1,0.2
P01020,6,8.5,0.67,9,7,0.16
P01021,8,14.6,0.51,1,9,0.29
P01022,34,4.6,0.43,10,9,0.35
P01023,62,12.4,0.9,3,8,0.17
P01024,34,5.8,0.39,4,0,0.05
P01025,26,6.7,0.46,1,13,0.35
P01026,65,6.9,0.94,3,1,0.27
P01027,11,2.3,0.35,2,15,0.23
P01028,32,8.2,0.55,9,15,0.35
P01029,21,11.1,0.31,6,0,0.27
P01030,7,8.6,0.56,5,13,0.06
P01031,22,14.7,0.39,7,12,0.22
P01032,30,12.1,0.52,7,2,0.21
P01033,56,3.6,0.88,1,10,0.08
P01034,21,5.9,0.31,0,6,0.34
P01035,33,5.4,0.47,8,11,0.27
P01036,19,7.4,0.48,6,4,0.07
P01037,36,12.7,0.62,6,9,0.33
P01038,5,4.3,0.35,4,5,0.36
P01039,21,9.8,0.52,6,2,0.39
P01040,82,4.6,0.86,7,12,0.3
P01041,26,14.1,0.48,0,14,0.24
P01042,72,6.3,0.89,1,6,0.27
P01043,31,2.9,0.45,0,0,0.23
P01044,72,2.4,0.92,8,1,0.19
P01045,12,13.1,0.38,7,11,0.17
P01046,8,7.1,0.4,8,12,0.28
P01047,86,8.3,0.91,3,12,0.18
P01048,39,4.5,0.6,5,14,0.19
P01049,24,3.6,0.5,0,2,0.38
P01050,19,10.1,0.44,1,15,0.21
P01051,17,4.8,0.55,7,4,0.07
P01052,24,12.7,0.41,3,6,0.22
P01053,68,4.8,0.92,8,7,0.08
P01054,39,2.3,0.4,4,15,0.38
P01055,16,8.1,0.47,4,0,0.36
P01056,60,12.2,0.92,6,13,0.09
P01057,33,3.8,0.64,3,6,0.18
P01058,35,9.4,0.45,0,13,0.39
P01059,77,4.6,0.97,0,5,0.28
P01060,89,14.1,0.95,5,1,0.16
P01061,45,3.8,0.87,0,0,0.35
P01062,77,7.1,0.91,6,12,0.37
P01063,77,13.2,0.95,9,15,0.31
P01064,5,6.4,0.37,9,3,0.18
P01065,81,7.1,0.87,9,10,0.05
P01066,16,10.5,0.57,0,3,0.11
P01067,47,10.9,0.89,0,8,0.34
P01068,30,13.4,0.39,0,15,0.39
P01069,40,7.9,0.93,2,14,0.33
P01070,24,5.7,0.36,10,8,0.22
P01071,32,13.2,0.51,7,2,0.25
P01072,47,5.9,0.98,2,9,0.16
P01073,25,12.3,0.67,8,6,0.36
P01074,9,7.9,0.61,5,2,0.27
P01075,20,5.6,0.51,8,8,0.12
P01076,45,3.2,0.94,8,11,0.14
P01077,39,5.1,0.48,0,9,0.18
P01078,40,4.5,0.4,1,14,0.19
P01079,19,13.7,0.44,1,8,0.27
P01080,40,13.5,0.63,5,14,0.36
P01081,28,8.4,0.66,10,4,0.13
P01082,49,2.6,0.91,0,13,0.29
P01083,58,15.0,0.97,0,1,0.23
P01084,16,10.7,0.69,2,14,0.1
P01085,26,10.0,0.94,4,7,0.25
P01086,5,11.1,0.55,9,6,0.27
P01087,24,3.6,0.63,1,1,0.35
P01088,13,12.9,0.65,0,4,0.31
P01089,34,3.9,0.92,1,10,0.17
P01090,23,9.8,0.53,8,1,0.28
P01091,45,5.3,0.89,5,5,0.22
P01092,11,2.6,0.35,10,3,0.1
P01093,88,3.5,0.94,3,7,0.07
P01094,36,3.8,0.51,10,1,0.18
P01095,27,14.8,0.43,4,1,0.33
P01096,26,3.3,0.68,0,6,0.13
P01097,19,3.5,0.62,1,12,0.32
P01098,9,5.8,0.55,9,6,0.14
P01099,60,13.6,0.93,10,5,0.37
P01100,18,9.3,0.46,4,14,0.23
P01101,23,6.7,0.57,5,12,0.35
P01102,40,12.8,0.4,1,7,0.19
P01103,63,7.8,0.91,3,6,0.22
P01104,41,8.6,0.94,1,4,0.2
P01105,84,8.5,0.97,3,7,0.34
P01106,61,7.7,0.9,1,14,0.05
P01107,15,12.1,0.6,1,14,0.31
P01108,25,2.2,0.66,8,6,0.26
P01109,65,4.5,0.98,0,11,0.1
P01110,6,2.5,0.51,7,1,0.09
P01111,75,7.8,0.87,10,1,0.18
P01112,10,12.4,0.44,5,3,0.23
P01113,15,9.6,0.43,6,9,0.12
P01114,21,8.3,0.36,3,10,0.4
P01115,70,13.9,0.97,6,11,0.35
P01116,82,9.5,0.88,2,12,0.1
P01117,23,14.4,0.9,10,5,0.17
P01118,11,4.1,0.69,4,2,0.24
P01119,25,13.3,0.57,2,10,0.3
P01120,79,3.3,0.91,5,1,0.17
P01121,25,14.1,0.57,0,12,0.2
P01122,80,10.6,0.96,10,6,0.14
P01123,26,6.6,0.43,3,3,0.22
P01124,12,6.1,0.61,4,15,0.4
P01125,16,11.5,0.42,3,2,0.24
P01126,23,2.0,0.34,4,15,0.09
P01127,46,12.3,0.89,5,14,0.12
P01128,9,2.6,0.38,1,0,0.12
P01129,36,13.0,0.39,9,0,0.11
P01130,26,9.9,0.63,7,8,0.4
P01131,8,10.3,0.39,0,14,0.23
P01132,41,3.4,0.87,2,7,0.3
P01133,21,4.2,0.69,8,11,0.18
P01134,32,6.7,0.93,3,0,0.35
P01135,70,13.4,0.92,6,1,0.16
P01136,33,9.1,0.6,3,12,0.2
P01137,77,12.3,0.88,2,3,0.2
P01138,24,10.6,0.46,8,1,0.26
P01139,40,5.3,0.32,3,15,0.25
P01140,25,5.0,0.58,10,7,0.4
P01141,18,5.6,0.54,5,11,0.29
P01142,56,13.0,0.87,4,1,0.19
P01143,19,2.5,0.45,7,3,0.27
P01144,33,11.4,0.57,10,3,0.13
P01145,6,7.5,0.39,5,8,0.36
P01146,22,6.3,0.47,6,7,0.14
P01147,89,2.7,0.89,10,11,0.12
P01148,72,11.6,0.92,1,2,0.31
P01149,10,13.9,0.31,0,4,0.07
P01150,38,10.4,0.35,4,11,0.32
P01151,74,7.0,0.89,1,11,0.18
P01152,7,11.2,0.59,10,9,0.28
P01153,27,2.1,0.57,7,13,0.1
P01154,39,2.1,0.92,1,10,0.17
P01155,15,13.2,0.58,0,7,0.2
P01156,89,10.5,0.94,9,4,0.3
P01157,16,4.7,0.57,10,9,0.26
P01158,8,12.8,0.47,2,1,0.14
P01159,40,8.5,0.9,1,6,0.15
P01160,30,9.7,0.66,7,1,0.09
P01161,40,12.8,0.39,4,14,0.33
P01162,15,8.2,0.47,5,7,0.2
P01163,26,7.9,0.59,7,9,0.36
P01164,24,13.7,0.91,6,10,0.12
P01165,22,3.8,0.67,4,15,0.08
P01166,29,8.7,0.59,5,14,0.35
P01167,57,8.4,0.87,10,3,0.17
P01168,29,14.3,0.47,5,12,0.32
P01169,11,10.6,0.69,3,5,0.33
P01170,63,4.7,0.94,5,8,0.22
P01171,5,9.1,0.42,3,3,0.19
P01172,33,6.1,0.4,1,2,0.39
P01173,22,6.0,0.68,3,3,0.07
P01174,13,9.0,0.4,5,14,0.09
P01175,38,13.3,0.69,4,7,0.2
P01176,72,5.9,0.92,6,8,0.13
P01177,39,13.5,0.33,8,5,0.29
P01178,13,6.1,0.45,3,0,0.24
P01179,23,8.2,0.64,3,4,0.26
P01180,26,11.5,0.94,6,2,0.15
P01181,77,5.7,0.96,0,14,0.11
P01182,23,5.8,0.49,10,13,0.29
P01183,29,4.1,0.87,7,3,0.34
P01184,51,3.6,0.85,6,1,0.08
P01185,8,6.8,0.55,4,11,0.21
P01186,34,2.4,0.33,3,1,0.13
P01187,73,14.8,0.94,7,0,0.32
P01188,30,4.3,0.41,3,2,0.23
P01189,26,13.1,0.67,3,14,0.36
P01190,59,7.5,0.98,0,0,0.29
P01191,53,9.8,0.88,10,9,0.14
P01192,6,14.1,0.34,8,7,0.34
P01193,8,13.5,0.65,8,10,0.24
P01194,84,14.1,0.92,1,9,0.08
P01195,28,14.0,0.59,6,4,0.24
P01196,24,14.3,0.98,3,14,0.12
P01197,48,3.2,0.85,5,5,0.33
P01198,57,14.2,0.88,4,6,0.27
P01199,25,8.6,0.35,1,8,0.18
P01200,24,10.7,0.39,0,12,0.08
P01201,89,7.7,0.92,9,12,0.32
P01202,38,7.5,0.69,5,0,0.28
P01203,12,2.1,0.42,9,13,0.1
P01204,13,3.3,0.69,9,14,0.25
P01205,20,11.2,0.56,6,13,0.08
P01206,28,13.2,0.87,8,13,0.15
P01207,39,9.3,0.37,5,4,0.38
P01208,30,10.4,0.61,3,11,0.2
P01209,39,8.0,0.85,6,5,0.16
P01210,10,7.5,0.42,5,9,0.39
P01211,17,7.4,0.34,7,4,0.23
P01212,37,4.2,0.33,6,9,0.13
P01213,8,3.7,0.47,9,7,0.36
P01214,14,9.3,0.44,3,13,0.22
P01215,16,10.7,0.34,1,0,0.37
P01216,6,2.3,0.31,2,12,0.17
P01217,26,12.9,0.95,8,0,0.21
P01218,11,14.0,0.47,0,4,0.38
P01219,5,7.9,0.38,3,10,0.32
P01220,34,13.7,0.56,1,4,0.38
P01221,21,2.4,0.95,2,0,0.21
P01222,14,4.9,0.69,5,13,0.17
P01223,12,7.2,0.31,8,0,0.25
P01224,16,10.0,0.65,1,12,0.09
P01225,18,14.4,0.37,0,8,0.07
P01226,44,4.3,0.97,6,4,0.12
P01227,82,5.6,0.87,0,12,0.4
P01228,40,10.2,0.58,0,15,0.18
P01229,57,6.5,0.97,4,4,0.23
P01230,40,14.9,0.36,0,4,0.1
P01231,54,15.0,0.93,5,7,0.26
P01232,15,14.0,0.49,8,10,0.21
P01233,32,9.8,0.85,7,3,0.31
P01234,40,5.5,0.64,10,3,0.33
P01235,23,5.0,0.33,2,4,0.18
P01236,22,4.7,0.64,2,10,0.4
P01237,57,9.5,0.87,4,14,0.38
P01238,22,14.3,0.45,1,8,0.21
P01239,28,4.3,0.47,3,13,0.23
P01240,6,7.6,0.43,1,8,0.23
P01241,86,11.5,0.9,9,3,0.2
P01242,18,11.6,0.33,10,1,0.35
P01243,65,14.0,0.96,6,8,0.21
P01244,85,4.7,0.89,4,1,0.34
P01245,22,2.9,0.96,10,1,0.36
P01246,34,9.1,0.33,0,0,0.4
P01247,43,2.1,0.89,6,13,0.24
P01248,23,9.4,0.62,8,14,0.26
P01249,62,12.4,0.97,4,0,0.36
P01250,25,9.4,0.51,1,14,0.28
P01251,42,9.5,0.9,5,5,0.07
P01252,9,12.2,0.65,5,11,0.32
P01253,5,7.3,0.57,7,9,0.18
P01254,58,4.5,0.95,2,14,0.19
P01255,21,7.0,0.51,9,11,0.4
P01256,8,14.4,0.51,9,6,0.1
P01257,33,12.4,0.51,1,2,0.09
P01258,30,9.5,0.6,5,7,0.39
P01259,57,4.5,0.88,2,11,0.33
P01260,16,14.1,0.34,6,7,0.28
P01261,26,3.1,0.55,1,15,0.05
P01262,17,6.3,0.44,7,4,0.07
P01263,82,2.6,0.94,5,9,0.33
P01264,5,14.1,0.69,4,10,0.18
P01265,35,10.9,0.53,3,3,0.26
P01266,18,6.3,0.62,1,4,0.35
P01267,89,10.8,0.98,8,0,0.21
P01268,40,8.4,0.36,7,0,0.3
P01269,32,9.6,0.34,10,15,0.11
P01270,15,2.9,0.46,1,11,0.16
P01271,13,12.2,0.52,10,3,0.09
P01272,33,5.8,0.55,0,14,0.23
P01273,78,11.4,0.95,8,1,0.28
P01274,15,14.3,0.41,1,6,0.3
P01275,87,13.8,0.97,3,5,0.38
P01276,34,4.5,0.46,2,0,0.21
P01277,38,8.7,0.43,2,5,0.39
P01278,17,12.6,0.58,9,8,0.07
P01279,27,7.6,0.94,9,12,0.29
P01280,25,8.8,0.39,0,15,0.28
P01281,85,13.3,0.86,2,1,0.15
P01282,10,7.2,0.38,5,7,0.28
P01283,25,12.2,0.98,7,8,0.23
P01284,25,13.0,0.88,0,6,0.12
P01285,9,15.0,0.61,7,0,0.17
P01286,13,12.3,0.7,0,5,0.23
P01287,40,6.9,0.48,8,10,0.14
P01288,14,6.7,0.52,5,1,0.11
P01289,33,4.3,0.46,9,11,0.3
P01290,44,5.9,0.96,3,8,0.28
P01291,26,3.2,0.94,1,8,0.28
P01292,38,8.1,0.39,10,11,0.11
P01293,54,14.0,0.95,9,3,0.21
P01294,83,8.5,0.94,0,13,0.22
P01295,33,4.9,0.45,1,0,0.09
P01296,71,3.8,0.86,1,0,0.24
P01297,23,12.4,0.31,2,0,0.22
P01298,20,2.5,0.62,6,13,0.07
P01299,6,2.6,0.38,7,6,0.4
P01300,68,5.5,0.93,5,1,0.24
P01301,16,3.4,0.5,7,11,0.38
P01302,74,8.3,0.85,6,13,0.27
P01303,21,10.4,0.53,9,12,0.08
P01304,20,10.0,0.69,2,4,0.28
P01305,17,10.3,0.66,3,2,0.21
P01306,78,14.8,0.94,6,9,0.29
P01307,18,7.7,0.64,6,3,0.32
P01308,25,5.9,0.97,10,7,0.15
P01309,32,6.5,0.34,0,6,0.29
P01310,83,4.8,0.95,9,2,0.21
P01311,22,13.7,0.96,8,13,0.08
P01312,82,12.5,0.92,6,13,0.14
P01313,79,8.2,0.86,4,7,0.4
P01314,43,12.7,0.94,5,3,0.4
P01315,13,4.0,0.58,10,7,0.08
P01316,25,14.1,0.93,2,13,0.38
P01317,22,2.6,0.49,7,13,0.27
P01318,85,5.8,0.87,6,7,0.05
P01319,52,4.8,0.86,5,14,0.05
P01320,40,4.4,0.56,2,4,0.19
P01321,63,9.3,0.91,7,13,0.18
P01322,42,6.8,0.92,6,6,0.07
P01323,68,8.2,0.87,6,9,0.08
P01324,19,2.4,0.36,2,11,0.18
P01325,73,2.9,0.94,1,1,0.29
P01326,38,6.6,0.63,3,0,0.2
P01327,77,14.4,0.98,2,11,0.24
P01328,74,10.3,0.95,0,13,0.32
P01329,58,14.5,0.9,3,11,0.16
P01330,6,7.0,0.38,9,3,0.38
P01331,15,12.8,0.32,9,5,0.3
P01332,46,6.8,0.85,3,13,0.32
P01333,10,2.1,0.32,1,0,0.05
P01334,17,13.1,0.66,1,12,0.27
P01335,64,6.3,0.89,6,2,0.15
P01336,46,9.5,0.92,10,3,0.29
P01337,34,5.9,0.85,0,7,0.29
P01338,69,6.8,0.88,3,8,0.28
P01339,35,8.7,0.42,4,5,0.14
P01340,32,5.1,0.65,0,0,0.24
P01341,45,3.0,0.97,6,10,0.16
P01342,35,5.8,0.69,1,7,0.27
P01343,27,8.1,0.31,9,11,0.11
P01344,39,3.9,0.54,0,8,0.24
P01345,23,2.6,0.48,0,11,0.37
P01346,81,12.6,0.88,7,11,0.15
P01347,19,12.3,0.58,8,11,0.06
P01348,78,8.1,0.86,2,1,0.26
P01349,26,9.0,0.96,9,1,0.15
P01350,15,11.6,0.55,7,2,0.2
P01351,5,6.7,0.5,6,0,0.05
P01352,60,14.1,0.96,9,5,0.28
P01353,32,13.1,0.47,6,4,0.11
P01354,39,7.7,0.5,3,1,0.27
P01355,81,5.4,0.92,9,15,0.33
P01356,9,10.4,0.58,10,7,0.35
P01357,22,3.0,0.56,2,15,0.19
P01358,33,7.0,0.97,6,8,0.16
P01359,12,2.2,0.61,7,3,0.32
P01360,18,11.0,0.63,10,9,0.29
P01361,26,13.9,0.91,7,10,0.38
P01362,40,2.1,0.33,2,8,0.12
P01363,30,3.5,0.96,10,11,0.32
P01364,15,7.8,0.54,9,9,0.11
P01365,69,4.3,0.9,10,13,0.06
P01366,5,3.3,0.43,7,14,0.32
P01367,40,5.7,0.63,0,6,0.39
P01368,60,13.6,0.94,10,11,0.33
P01369,18,2.1,0.56,4,0,0.37
P01370,38,10.8,0.52,5,4,0.13
P01371,48,2.7,0.94,0,4,0.12
P01372,20,12.1,0.51,5,10,0.18
P01373,67,9.9,0.85,5,6,0.33
P01374,18,13.0,0.38,1,2,0.39
P01375,12,8.5,0.63,5,12,0.11
P01376,20,11.3,0.37,10,5,0.36
P01377,90,4.8,0.88,6,7,0.08
P01378,10,9.7,0.63,8,15,0.11
P01379,30,12.9,0.37,2,8,0.05
P01380,36,6.5,0.52,4,15,0.08
P01381,15,8.4,0.36,6,7,0.07
P01382,9,13.6,0.58,4,7,0.24
P01383,35,7.8,0.43,4,13,0.24
P01384,80,3.4,0.87,5,9,0.1
P01385,11,14.5,0.47,2,9,0.15
P01386,39,14.4,0.35,9,2,0.21
P01387,28,6.7,0.41,7,8,0.16
P01388,23,7.3,0.3,2,4,0.13
P01389,16,8.6,0.4,1,13,0.09
P01390,60,4.0,0.97,0,14,0.17
P01391,51,6.5,0.92,3,3,0.37
P01392,32,7.1,0.95,3,8,0.14
P01393,27,6.5,0.31,4,11,0.1
P01394,89,14.5,0.98,5,1,0.21
P01395,20,4.4,0.59,10,9,0.37
P01396,89,7.1,0.95,4,10,0.06
P01397,79,6.2,0.86,9,5,0.07
P01398,6,13.9,0.46,1,12,0.29
P01399,80,2.9,0.88,10,5,0.06
P01400,10,6.2,0.67,8,6,0.08
P01401,40,7.0,0.56,5,9,0.11
P01402,69,7.4,0.96,6,15,0.36
P01403,39,8.4,0.6,9,5,0.14
P01404,17,8.0,0.61,9,9,0.35
P01405,85,3.4,0.85,2,8,0.33
P01406,77,12.2,0.86,5,12,0.35
P01407,51,8.8,0.98,10,0,0.08
P01408,25,14.7,0.59,6,12,0.22
P01409,34,4.1,0.9,1,9,0.28
P01410,30,4.2,0.93,1,6,0.37
P01411,29,5.8,0.3,9,14,0.39
P01412,13,2.2,0.34,2,11,0.21
P01413,74,3.4,0.97,4,10,0.12
P01414,18,6.1,0.54,2,9,0.2
P01415,35,5.6,0.46,3,0,0.33
P01416,23,12.7,0.98,4,9,0.26
P01417,17,3.6,0.36,1,13,0.14
P01418,13,11.9,0.47,3,1,0.15
P01419,9,5.4,0.68,9,10,0.05
P01420,8,4.9,0.59,7,12,0.23
P01421,30,7.9,0.48,7,9,0.38
P01422,53,13.4,0.85,3,5,0.37
P01423,19,5.0,0.63,6,15,0.35
P01424,26,8.7,0.67,5,8,0.17
P01425,7,7.6,0.67,10,6,0.37
P01426,23,6.6,0.52,3,3,0.07
P01427,24,3.1,0.61,0,12,0.28
P01428,41,12.3,0.95,10,11,0.35
P01429,81,9.1,0.94,9,3,0.38
P01430,15,8.6,0.36,3,2,0.31
P01431,40,6.6,0.41,9,6,0.37
P01432,23,4.8,0.62,3,0,0.29
P01433,71,3.5,0.9,4,14,0.38
P01434,83,5.6,0.93,0,13,0.38
P01435,33,7.5,0.41,1,0,0.38
P01436,7,12.2,0.4,10,8,0.17
P01437,36,8.8,0.67,5,11,0.22
P01438,26,9.2,0.49,1,2,0.18
P01439,23,12.5,0.33,5,10,0.11
P01440,34,12.4,0.54,9,1,0.23
P01441,29,12.6,0.66,9,1,0.07
P01442,24,9.0,0.48,2,1,0.35
P01443,23,6.0,0.4,7,9,0.18
P01444,11,14.8,0.66,0,6,0.38
P01445,25,5.4,0.34,6,9,0.19
P01446,32,4.8,0.48,10,10,0.13
P01447,19,13.9,0.38,1,12,0.21
P01448,16,14.8,0.35,1,7,0.07
P01449,8,13.2,0.44,3,0,0.39
P01450,31,13.4,0.91,5,10,0.08
P01451,36,13.7,0.88,9,7,0.2
P01452,24,7.5,0.58,8,2,0.06
P01453,35,2.5,0.98,9,13,0.07
P01454,7,10.9,0.47,2,11,0.16
P01455,90,6.7,0.88,9,15,0.33
P01456,59,6.8,0.93,9,1,0.14
P01457,24,11.3,0.39,5,7,0.21
P01458,27,13.6,0.62,9,3,0.22
P01459,36,13.3,0.41,7,1,0.2
P01460,39,6.8,0.59,0,0,0.07
P01461,35,14.9,0.35,5,9,0.26
P01462,36,4.6,0.65,10,0,0.19
P01463,24,4.2,0.55,6,1,0.22
P01464,16,12.0,0.65,1,3,0.27
P01465,39,8.8,0.58,4,5,0.25
P01466,62,2.9,0.9,3,2,0.25
P01467,15,5.5,0.52,6,4,0.35
P01468,51,2.4,0.87,4,5,0.08
P01469,51,5.7,0.88,9,4,0.19
P01470,47,8.0,0.85,7,14,0.37
P01471,24,13.7,0.64,4,0,0.19
P01472,30,8.8,0.37,9,9,0.12
P01473,47,4.4,0.93,5,7,0.25
P01474,25,7.1,0.5,4,12,0.12
P01475,54,5.2,0.9,5,15,0.26
P01476,28,8.9,0.92,6,5,0.39
P01477,39,7.5,0.36,1,14,0.36
P01478,40,2.7,0.96,7,4,0.4
P01479,19,8.1,0.67,0,9,0.28
P01480,49,10.2,0.88,3,6,0.21
P01481,23,14.7,0.35,0,12,0.14
P01482,29,10.7,0.43,3,8,0.39
P01483,23,8.1,0.33,1,11,0.29
P01484,11,4.0,0.34,5,4,0.33
P01485,28,11.5,0.87,4,13,0.06
P01486,56,9.4,0.87,2,5,0.14
P01487,57,8.1,0.91,1,14,0.15
P01488,40,4.1,0.41,4,6,0.32
P01489,90,4.4,0.97,4,12,0.09
P01490,23,13.9,0.65,2,4,0.2
P01491,87,12.3,0.97,5,15,0.11
P01492,34,2.7,0.49,4,0,0.05
P01493,66,10.6,0.97,10,4,0.29
P01494,12,7.5,0.65,9,8,0.18
P01495,74,7.0,0.95,10,4,0.09
P01496,26,4.6,0.64,1,6,0.37
P01497,13,7.0,0.67,4,6,0.3
P01498,14,12.5,0.42,8,8,0.38
P01499,17,12.6,0.55,3,10,0.36
P01500,33,12.5,0.56,9,15,0.32
P01501,33,7.0,0.95,8,4,0.16
P01502,34,4.6,0.38,6,2,0.13
P01503,35,10.3,0.42,10,9,0.15
P01504,32,3.2,0.66,4,5,0.06
P01505,54,12.6,0.89,9,15,0.39
P01506,12,4.1,0.62,4,5,0.35
P01507,80,7.2,0.93,8,8,0.3
P01508,34,14.1,0.65,5,12,0.23
P01509,28,13.0,0.92,5,14,0.13
P01510,19,7.5,0.53,3,1,0.39
P01511,22,14.7,0.9,9,5,0.16
P01512,38,14.6,0.97,10,12,0.21
P01513,55,5.8,0.93,8,1,0.38
P01514,29,5.7,0.34,7,5,0.22
P01515,7,14.4,0.59,0,15,0.26
P01516,8,14.7,0.54,10,0,0.1
P01517,35,14.0,0.35,9,6,0.07
P01518,15,9.3,0.63,3,5,0.27
P01519,21,6.3,0.41,5,15,0.07
P01520,9,5.6,0.57,8,3,0.19
P01521,55,11.5,0.86,4,15,0.07
P01522,69,5.0,0.98,2,11,0.09
P01523,68,8.0,0.96,6,4,0.32
P01524,37,3.9,0.55,6,11,0.1
P01525,30,9.1,0.64,5,7,0.24
P01526,39,13.7,0.35,2,4,0.09
P01527,15,2.0,0.36,6,8,0.06
P01528,29,6.7,0.36,1,1,0.09
P01529,32,14.2,0.95,2,5,0.11
P01530,46,10.6,0.88,1,6,0.25
P01531,28,10.4,0.64,2,10,0.39
P01532,11,8.9,0.37,8,13,0.14
P01533,57,2.9,0.86,9,9,0.22
P01534,77,5.4,0.9,4,10,0.34
P01535,24,7.6,0.93,9,7,0.12
P01536,79,11.4,0.93,5,12,0.21
P01537,23,10.2,0.55,10,15,0.11
P01538,13,3.0,0.44,5,12,0.13
P01539,64,2.6,0.92,8,10,0.06
P01540,34,2.3,0.41,5,5,0.09
P01541,31,7.5,0.68,2,2,0.36
P01542,37,14.3,0.61,1,0,0.36
P01543,18,8.1,0.5,8,12,0.06
P01544,22,7.3,0.34,8,0,0.28
P01545,16,3.8,0.48,0,10,0.11
P01546,24,11.6,0.5,5,5,0.39
P01547,20,8.8,0.61,7,8,0.26
P01548,73,9.8,0.9,8,11,0.4
P01549,19,6.2,0.31,3,9,0.05
P01550,69,5.3,0.91,6,13,0.24
P01551,17,10.5,0.33,0,2,0.16
P01552,11,3.2,0.61,0,4,0.19
P01553,80,7.1,0.86,4,1,0.08
P01554,35,9.9,0.37,4,4,0.11
P01555,23,11.3,0.42,2,11,0.34
P01556,26,7.1,0.97,3,10,0.39
P01557,39,11.8,0.36,3,14,0.31
P01558,14,7.2,0.3,4,5,0.18
P01559,27,12.9,0.46,3,5,0.21
P01560,90,13.0,0.87,2,7,0.07
P01561,89,13.0,0.9,1,8,0.19
P01562,27,9.8,0.31,10,11,0.1
P01563,21,6.0,0.88,10,9,0.2
P01564,26,13.2,0.88,1,9,0.15
P01565,21,11.6,0.69,8,0,0.3
P01566,70,3.7,0.97,0,8,0.05
P01567,30,10.9,0.39,2,2,0.24
P01568,80,13.6,0.98,7,1,0.36
P01569,6,12.6,0.62,0,8,0.12
P01570,88,10.8,0.9,2,1,0.05
P01571,68,6.9,0.94,1,14,0.33
P01572,15,9.5,0.61,10,1,0.36
P01573,38,12.8,0.92,6,0,0.39
P01574,74,6.7,0.9,1,2,0.28
P01575,22,11.3,0.5,2,7,0.28
P01576,78,5.0,0.91,5,15,0.25
P01577,17,10.5,0.67,5,11,0.25
P01578,17,6.8,0.68,3,11,0.34
P01579,35,14.7,0.32,0,3,0.31
P01580,72,10.9,0.9,8,10,0.36
P01581,14,10.3,0.69,0,3,0.29
P01582,82,6.1,0.92,4,0,0.39
P01583,21,9.4,0.62,8,13,0.07
P01584,9,9.3,0.35,1,11,0.26
P01585,14,12.6,0.41,9,2,0.21
P01586,16,3.4,0.32,7,15,0.2
P01587,49,4.3,0.92,10,7,0.14
P01588,64,13.4,0.85,4,0,0.3
P01589,37,9.3,0.49,2,7,0.15
P01590,17,2.6,0.66,6,14,0.14
P01591,78,8.7,0.92,0,7,0.1
P01592,30,8.6,0.37,6,1,0.29
P01593,38,10.8,0.95,2,10,0.34
P01594,9,9.7,0.37,10,15,0.36
P01595,20,12.8,0.42,8,10,0.06
P01596,79,3.5,0.92,1,0,0.11
P01597,30,9.5,0.47,4,2,0.13
P01598,82,4.5,0.91,8,5,0.16
P01599,8,13.1,0.51,4,8,0.36
P01600,69,9.6,0.92,9,3,0.18
P01601,26,9.5,0.33,10,4,0.36
P01602,28,11.3,0.85,5,9,0.32
P01603,66,12.5,0.87,1,2,0.33
P01604,15,14.9,0.41,5,8,0.32
P01605,19,9.9,0.51,7,14,0.26
P01606,35,3.0,0.96,9,13,0.38
P01607,80,4.0,0.95,2,7,0.1
P01608,30,9.8,0.36,6,15,0.33
P01609,26,9.3,0.96,7,4,0.37
P01610,22,13.5,0.89,6,7,0.05
P01611,31,3.8,0.55,2,14,0.12
P01612,17,3.2,0.41,3,4,0.12
P01613,36,13.0,0.5,2,2,0.16
P01614,60,2.9,0.92,7,4,0.16
P01615,50,8.8,0.88,7,1,0.38
P01616,30,4.2,0.32,9,3,0.23
P01617,36,14.8,0.7,0,0,0.13
P01618,10,10.7,0.55,10,6,0.34
P01619,51,11.4,0.85,10,14,0.23
P01620,5,4.4,0.47,1,1,0.08
P01621,14,11.7,0.64,5,7,0.13
P01622,14,5.8,0.41,10,12,0.22
P01623,54,7.2,0.86,9,1,0.25
P01624,67,4.0,0.85,7,3,0.16
P01625,16,4.6,0.55,5,15,0.34
P01626,21,10.2,0.53,6,0,0.32
P01627,33,8.7,0.93,3,15,0.32
P01628,18,7.3,0.41,9,8,0.16
P01629,16,3.5,0.59,7,11,0.14
P01630,8,7.3,0.57,9,5,0.32
P01631,90,3.5,0.98,5,3,0.29
P01632,27,11.8,0.46,5,11,0.35
P01633,72,5.3,0.9,1,8,0.21
P01634,10,2.3,0.41,10,14,0.06
P01635,31,10.2,0.43,0,13,0.37
P01636,11,6.8,0.48,0,8,0.28
P01637,29,9.6,0.38,6,7,0.08
P01638,29,5.4,0.37,5,13,0.12
P01639,40,6.9,0.37,6,13,0.29
P01640,15,13.8,0.44,1,5,0.33
P01641,12,13.9,0.33,2,2,0.07
P01642,7,2.1,0.51,0,10,0.08
P01643,24,14.8,0.47,1,1,0.24
P01644,26,14.3,0.44,1,15,0.23
P01645,33,6.4,0.91,5,7,0.11
P01646,28,11.2,0.94,8,15,0.05
P01647,33,6.2,0.61,4,12,0.13
P01648,20,2.6,0.34,9,7,0.4
P01649,55,7.4,0.9,0,4,0.32
P01650,38,5.4,0.36,8,12,0.39
P01651,31,4.2,0.43,8,12,0.15
P01652,36,4.6,0.31,6,12,0.16
P01653,12,11.5,0.48,10,14,0.13
P01654,78,14.0,0.96,3,11,0.05
P01655,60,8.1,0.96,0,12,0.25
P01656,17,12.4,0.43,2,1,0.12
P01657,18,11.2,0.64,6,0,0.38
P01658,14,2.6,0.37,9,11,0.05
P01659,66,6.9,0.94,7,6,0.38
P01660,39,8.6,0.62,0,8,0.1
P01661,88,4.6,0.88,1,6,0.23
P01662,13,2.7,0.5,0,15,0.23
P01663,30,11.7,0.42,7,1,0.38
P01664,22,14.3,0.38,6,11,0.32
P01665,28,13.4,0.36,2,4,0.32
P01666,7,15.0,0.63,1,5,0.37
P01667,23,6.8,0.3,4,3,0.15
P01668,32,7.8,0.46,4,1,0.25
P01669,22,4.0,0.98,5,0,0.18
P01670,26,6.5,0.62,3,0,0.25
P01671,23,2.9,0.64,4,2,0.05
P01672,30,8.7,0.57,10,0,0.1
P01673,68,7.5,0.92,4,9,0.19
P01674,74,3.1,0.97,9,6,0.28
P01675,63,13.7,0.98,9,13,0.24
P01676,8,8.2,0.49,3,15,0.16
P01677,27,4.3,0.85,5,7,0.07
P01678,21,9.2,0.69,10,4,0.24
P01679,49,2.7,0.97,6,3,0.4
P01680,28,7.4,0.64,3,4,0.06
P01681,20,5.3,0.91,0,6,0.38
P01682,23,3.9,0.37,7,11,0.3
P01683,23,5.2,0.56,6,8,0.22
P01684,26,7.3,0.68,2,11,0.21
P01685,29,14.3,0.64,6,6,0.18
P01686,79,10.5,0.9,5,11,0.29
P01687,21,7.5,0.91,7,8,0.27
P01688,33,14.1,0.33,7,11,0.29
P01689,67,8.9,0.97,9,8,0.32
P01690,28,9.3,0.42,10,2,0.08
P01691,20,12.8,0.46,2,10,0.17
P01692,11,8.8,0.52,5,9,0.39
P01693,14,5.7,0.49,10,6,0.36
P01694,84,13.5,0.89,7,5,0.33
P01695,25,12.8,0.32,7,14,0.38
P01696,10,10.4,0.36,2,7,0.35
P01697,10,3.6,0.46,0,6,0.13
P01698,24,2.5,0.61,9,11,0.13
P01699,65,13.7,0.93,4,10,0.26
P01700,28,14.2,0.98,1,3,0.17
P01701,30,9.2,0.96,0,14,0.26
P01702,72,6.1,0.89,5,12,0.26
P01703,10,5.0,0.65,0,4,0.09
P01704,38,12.1,0.95,10,2,0.09
P01705,52,9.8,0.86,1,10,0.16
P01706,32,8.5,0.6,3,6,0.2
P01707,82,5.1,0.87,0,13,0.37
P01708,11,2.1,0.63,2,8,0.21
P01709,10,9.5,0.31,1,3,0.08
P01710,45,8.0,0.9,3,7,0.34
P01711,23,12.3,0.88,1,14,0.15
P01712,27,15.0,0.63,5,10,0.3
P01713,28,13.7,0.86,9,0,0.32
P01714,30,10.4,0.86,6,15,0.05
P01715,18,11.5,0.61,5,15,0.25
P01716,13,12.9,0.68,5,0,0.29
P01717,90,14.6,0.97,10,4,0.13
P01718,40,6.1,0.86,1,8,0.27
P01719,68,5.5,0.94,3,14,0.38
P01720,20,13.8,0.98,4,12,0.17
P01721,57,8.7,0.87,6,6,0.23
P01722,83,9.2,0.88,8,11,0.18
P01723,12,9.4,0.44,6,3,0.3
P01724,20,2.4,0.62,9,4,0.36
P01725,87,14.6,0.93,5,6,0.38
P01726,53,5.7,0.96,7,9,0.2
P01727,47,12.4,0.85,6,14,0.39
P01728,11,2.2,0.35,6,12,0.17
P01729,16,6.8,0.69,0,14,0.08
P01730,21,5.9,0.36,8,3,0.31
P01731,61,13.3,0.89,1,13,0.38
P01732,26,13.5,0.88,8,15,0.21
P01733,9,13.4,0.57,3,2,0.33
P01734,30,7.5,0.55,7,8,0.34
P01735,65,14.0,0.86,5,13,0.29
P01736,27,7.0,0.93,6,3,0.12
P01737,54,5.3,0.97,7,8,0.16
P01738,20,2.9,0.48,7,2,0.34
P01739,59,2.1,0.94,7,15,0.34
P01740,39,8.7,0.54,8,5,0.4
P01741,5,10.4,0.43,8,9,0.19
P01742,31,2.3,0.88,1,12,0.36
P01743,19,10.8,0.7,8,3,0.06
P01744,26,8.5,0.92,7,13,0.09
P01745,30,2.3,0.52,0,12,0.22
P01746,35,3.8,0.42,0,1,0.09
P01747,44,9.7,0.86,3,5,0.15
P01748,40,13.8,0.41,7,5,0.38
P01749,6,5.5,0.46,1,11,0.35
P01750,66,7.9,0.9,5,15,0.16
P01751,37,10.7,0.57,9,9,0.21
P01752,62,12.4,0.97,9,7,0.27
P01753,30,14.1,0.39,4,8,0.14
P01754,37,3.8,0.65,3,0,0.36
P01755,28,7.4,0.65,4,14,0.38
P01756,39,11.9,0.36,4,1,0.39
P01757,17,2.9,0.7,3,0,0.13
P01758,26,11.3,0.57,2,4,0.39
P01759,32,4.2,0.68,10,4,0.21
P01760,13,7.3,0.52,6,7,0.15
P01761,36,10.8,0.44,9,6,0.36
P01762,33,10.1,0.9,6,4,0.36
P01763,8,4.6,0.41,10,5,0.28
P01764,19,9.0,0.51,6,13,0.32
P01765,87,5.4,0.86,0,15,0.29
P01766,6,6.4,0.41,8,9,0.31
P01767,16,8.6,0.65,3,9,0.27
P01768,64,14.5,0.94,9,0,0.37
P01769,66,11.1,0.89,0,13,0.34
P01770,21,10.3,0.62,1,4,0.18
P01771,27,9.8,0.86,8,12,0.06
P01772,5,12.8,0.61,8,11,0.06
P01773,16,4.6,0.55,3,7,0.24
P01774,89,6.6,0.98,2,8,0.08
P01775,35,10.9,0.95,5,9,0.34
P01776,75,4.1,0.89,8,14,0.17
P01777,16,2.7,0.43,5,8,0.17
P01778,43,11.0,0.9,4,4,0.34
P01779,23,13.9,0.95,2,12,0.18
P01780,46,13.6,0.86,0,8,0.16
P01781,15,11.6,0.45,7,12,0.24
P01782,69,12.6,0.88,2,10,0.12
P01783,82,12.5,0.86,9,14,0.11
P01784,69,14.2,0.87,9,4,0.07
P01785,22,2.9,0.56,0,8,0.11
P01786,28,6.5,0.4,10,9,0.18
P01787,15,3.7,0.59,7,0,0.06
P01788,32,12.6,0.52,7,2,0.37
P01789,73,2.3,0.97,4,8,0.09
P01790,29,12.0,0.6,10,15,0.15
P01791,8,4.5,0.67,3,14,0.26
P01792,5,5.3,0.38,4,6,0.24
P01793,86,13.6,0.9,4,11,0.21
P01794,38,3.5,0.63,1,8,0.3
P01795,42,6.3,0.94,3,12,0.29
P01796,38,11.7,0.32,2,15,0.24
P01797,16,12.7,0.3,6,14,0.11
P01798,56,5.3,0.94,0,13,0.07
P01799,11,6.9,0.45,10,8,0.25
P01800,16,9.1,0.47,8,3,0.19
P01801,10,8.7,0.67,5,1,0.34
P01802,28,3.3,0.92,2,6,0.26
P01803,33,14.9,0.96,6,4,0.38
P01804,34,12.2,0.66,5,4,0.15
P01805,18,12.8,0.64,4,6,0.05
P01806,27,14.2,0.92,5,2,0.37
P01807,12,6.4,0.46,3,7,0.27
P01808,16,3.4,0.5,8,15,0.07
P01809,28,10.9,0.93,9,13,0.09
P01810,66,4.9,0.85,5,9,0.28
P01811,34,4.7,0.95,10,12,0.06
P01812,45,2.5,0.88,5,13,0.07
P01813,30,8.1,0.61,6,0,0.26
P01814,6,12.9,0.53,2,4,0.06
P01815,88,13.1,0.95,7,7,0.38
P01816,23,8.0,0.32,10,1,0.13
P01817,9,10.6,0.4,6,13,0.22
P01818,35,11.0,0.92,1,12,0.29
P01819,52,6.0,0.9,2,6,0.4
P01820,73,10.5,0.96,1,4,0.38
P01821,83,3.1,0.94,10,12,0.29
P01822,30,10.0,0.41,4,9,0.12
P01823,26,14.1,0.92,8,6,0.37
P01824,57,2.3,0.93,7,8,0.27
P01825,26,4.8,0.87,4,1,0.27
P01826,30,9.0,0.39,3,10,0.08
P01827,21,12.9,0.63,7,9,0.19
P01828,16,12.6,0.69,2,8,0.3
P01829,34,4.2,0.59,3,9,0.27
P01830,20,10.9,0.5,5,7,0.15
P01831,47,13.3,0.94,0,7,0.38
P01832,51,4.4,0.95,3,8,0.28
P01833,51,10.2,0.95,5,5,0.36
P01834,7,12.6,0.53,6,9,0.19
P01835,30,13.3,0.96,6,10,0.16
P01836,67,14.7,0.95,10,2,0.35
P01837,33,8.3,0.44,2,12,0.33
P01838,8,14.4,0.44,0,15,0.06
P01839,84,12.7,0.86,4,0,0.39
P01840,28,3.3,0.67,10,5,0.39
P01841,25,14.7,0.51,6,0,0.1
P01842,15,4.9,0.51,5,3,0.25
P01843,40,9.1,0.51,4,7,0.36
P01844,58,14.2,0.98,9,1,0.2
P01845,13,8.7,0.6,2,6,0.3
P01846,38,3.2,0.68,5,6,0.24
P01847,54,12.3,0.97,0,8,0.23
P01848,5,13.0,0.36,10,2,0.13
P01849,7,10.9,0.64,8,4,0.35
P01850,56,7.2,0.95,9,10,0.26
P01851,37,7.8,0.69,1,2,0.34
P01852,5,6.4,0.36,9,11,0.19
P01853,15,5.7,0.46,10,0,0.06
P01854,49,4.8,0.96,10,3,0.39
P01855,61,8.5,0.92,5,8,0.18
P01856,34,6.0,0.34,9,9,0.32
P01857,9,10.8,0.48,4,12,0.34
P01858,18,8.4,0.49,5,8,0.39
P01859,85,6.8,0.88,10,7,0.16
P01860,34,7.3,0.98,7,8,0.13
P01861,9,12.7,0.41,8,8,0.28
P01862,89,5.9,0.97,2,11,0.39
P01863,72,12.8,0.97,4,15,0.1
P01864,39,13.3,0.65,7,3,0.19
P01865,46,13.9,0.93,6,12,0.16
P01866,27,9.6,0.92,6,12,0.37
P01867,8,10.1,0.41,3,12,0.27
P01868,15,7.9,0.38,0,15,0.36
P01869,39,14.2,0.31,7,11,0.37
P01870,66,11.1,0.89,0,6,0.13
P01871,6,2.4,0.41,7,5,0.23
P01872,61,3.5,0.9,9,7,0.21
P01873,60,6.9,0.89,9,13,0.14
P01874,90,10.1,0.88,10,11,0.23
P01875,57,4.8,0.98,0,8,0.34
P01876,49,9.4,0.91,10,12,0.24
P01877,32,14.9,0.92,1,15,0.09
P01878,50,7.7,0.89,7,8,0.1
P01879,19,4.1,0.61,8,4,0.11
P01880,87,9.3,0.85,7,15,0.32
P01881,47,3.2,0.98,6,3,0.34
P01882,25,13.6,0.69,7,1,0.13
P01883,40,5.6,0.95,7,3,0.09
P01884,10,9.5,0.52,1,5,0.27
P01885,33,4.3,0.59,10,2,0.12
P01886,23,12.8,0.96,1,5,0.23
P01887,27,13.6,0.85,2,8,0.26
P01888,79,13.7,0.95,1,13,0.12
P01889,17,8.2,0.51,6,1,0.2
P01890,55,10.9,0.92,10,6,0.4
P01891,29,10.9,0.33,5,4,0.28
P01892,89,3.5,0.93,7,7,0.24
P01893,8,5.1,0.69,6,6,0.39
P01894,32,10.8,0.43,3,7,0.06
P01895,53,12.3,0.92,0,8,0.14
P01896,52,5.4,0.96,3,3,0.09
P01897,60,4.3,0.89,3,13,0.25
P01898,38,7.3,0.33,5,8,0.32
P01899,14,3.2,0.56,8,2,0.35
P01900,39,10.1,0.69,4,12,0.17
P01901,77,5.7,0.89,2,15,0.17
P01902,90,4.5,0.9,4,7,0.16
P01903,7,9.1,0.56,5,12,0.32
P01904,32,12.7,0.64,10,5,0.12
P01905,17,4.1,0.6,5,10,0.31
P01906,35,10.4,0.44,8,5,0.31
P01907,35,9.9,0.37,0,10,0.25
P01908,6,2.5,0.37,6,15,0.35
P01909,6,3.5,0.67,7,10,0.05
P01910,23,4.4,0.36,4,8,0.22
P01911,26,10.4,0.64,8,10,0.11
P01912,33,13.6,0.41,6,14,0.15
P01913,23,13.1,0.88,4,2,0.16
P01914,33,8.0,0.57,0,5,0.27
P01915,33,12.6,0.96,10,13,0.13
P01916,22,6.6,0.31,0,1,0.15
P01917,28,8.1,0.9,2,4,0.24
P01918,39,4.7,0.42,4,13,0.27
P01919,39,13.0,0.57,2,2,0.27
P01920,19,8.7,0.54,6,0,0.23
P01921,28,9.6,0.62,2,10,0.06
P01922,17,6.4,0.32,3,10,0.32
P01923,22,3.4,0.33,4,14,0.25
P01924,31,2.6,0.35,2,11,0.12
P01925,34,3.6,0.41,4,9,0.4
P01926,61,10.3,0.87,8,10,0.33
P01927,6,2.5,0.36,8,4,0.3
P01928,25,14.3,0.3,6,5,0.11
P01929,25,12.1,0.52,4,6,0.2
P01930,25,3.4,0.56,2,5,0.17
P01931,10,13.3,0.38,8,9,0.3
P01932,69,6.1,0.85,8,4,0.4
P01933,34,2.9,0.96,7,15,0.2
P01934,40,13.0,0.91,9,12,0.23
P01935,34,7.6,0.4,1,9,0.32
P01936,40,14.4,0.47,5,5,0.27
P01937,21,14.1,0.48,2,8,0.31
P01938,41,7.4,0.85,9,2,0.33
P01939,85,5.7,0.93,9,14,0.23
P01940,36,14.0,0.5,2,4,0.16
P01941,37,6.9,0.46,0,13,0.28
P01942,24,5.7,0.92,0,6,0.39
P01943,32,6.3,0.96,1,5,0.19
P01944,15,9.0,0.39,0,6,0.24
P01945,27,13.5,0.9,3,6,0.21
P01946,20,2.1,0.55,5,4,0.25
P01947,33,5.3,0.46,3,2,0.13
P01948,72,2.1,0.9,5,0,0.16
P01949,77,14.3,0.85,1,10,0.24
P01950,52,6.3,0.93,9,15,0.05
P01951,8,9.3,0.53,5,4,0.12
P01952,42,7.0,0.92,3,3,0.15
P01953,58,11.5,0.93,5,2,0.15
P01954,43,13.3,0.85,7,7,0.27
P01955,36,8.7,0.47,7,15,0.37
P01956,10,10.2,0.32,0,7,0.3
P01957,35,3.8,0.53,5,13,0.23
P01958,22,13.0,0.57,2,3,0.3
P01959,16,6.6,0.34,2,3,0.24
P01960,28,5.9,0.4,4,13,0.2
P01961,8,3.5,0.34,4,0,0.36
P01962,35,10.2,0.55,4,1,0.14
P01963,24,12.3,0.46,7,12,0.3
P01964,12,8.6,0.57,8,2,0.24
P01965,27,14.4,0.59,7,5,0.13
P01966,30,12.6,0.45,3,2,0.21
P01967,26,10.3,0.48,5,1,0.09
P01968,60,11.6,0.86,4,0,0.37
P01969,74,11.7,0.86,7,11,0.32
P01970,22,10.6,0.66,7,6,0.18
P01971,30,9.3,0.69,9,7,0.24
P01972,39,12.0,0.33,9,1,0.27
P01973,22,13.7,0.49,4,2,0.34
P01974,16,13.3,0.31,7,12,0.1
P01975,32,12.2,0.52,10,12,0.06
P01976,87,10.3,0.92,8,11,0.38
P01977,31,10.1,0.41,9,7,0.16
P01978,10,11.7,0.54,4,15,0.14
P01979,30,5.7,0.45,4,5,0.31
P01980,8,6.4,0.58,8,11,0.34
P01981,56,10.6,0.91,0,1,0.3
P01982,27,12.1,0.68,4,1,0.14
P01983,50,2.0,0.96,0,12,0.1
P01984,66,8.8,0.93,8,9,0.16
P01985,31,14.1,0.63,0,6,0.07
P01986,36,12.0,0.57,6,6,0.09
P01987,82,6.8,0.91,7,6,0.25
P01988,68,5.5,0.92,0,7,0.16
P01989,34,4.5,0.69,5,15,0.26
P01990,38,8.5,0.87,1,12,0.17
P01991,38,12.1,0.63,1,7,0.06
P01992,36,11.3,0.6,3,7,0.2
P01993,11,13.2,0.67,1,15,0.18
P01994,34,4.6,0.54,2,3,0.38
P01995,37,6.0,0.34,6,4,0.2
P01996,26,5.5,0.56,5,15,0.35
P01997,33,11.9,0.32,6,7,0.32
P01998,39,4.5,0.38,9,13,0.18
P01999,8,13.6,0.45,8,4,0.37
P02000,62,6.4,0.85,1,8,0.08
P02001,76,12.8,0.88,2,14,0.32
P02002,73,6.4,0.93,3,13,0.27
P02003,81,7.2,0.98,1,1,0.25
P02004,39,13.3,0.51,0,7,0.25
P02005,28,11.1,0.31,3,4,0.34
P02006,24,12.0,0.53,4,14,0.17
P02007,39,12.9,0.64,3,6,0.13
P02008,31,7.1,0.95,2,11,0.35
P02009,90,13.3,0.9,5,5,0.22
P02010,10,4.1,0.58,2,13,0.23
P02011,31,12.5,0.35,8,13,0.15
P02012,34,9.3,0.67,3,5,0.23
P02013,54,10.7,0.92,2,11,0.18
P02014,67,7.4,0.9,2,5,0.32
P02015,61,7.7,0.95,10,2,0.18
P02016,77,14.1,0.91,10,13,0.35
P02017,26,12.7,0.5,1,8,0.16
P02018,22,4.3,0.96,2,3,0.06
P02019,15,2.9,0.65,0,9,0.23
P02020,39,2.2,0.63,3,9,0.15
P02021,20,7.6,0.37,4,5,0.05
P02022,38,14.2,0.58,10,2,0.3
P02023,80,13.1,0.95,3,4,0.33
P02024,44,12.4,0.91,3,12,0.28
P02025,26,11.2,0.49,9,6,0.22
P02026,49,3.3,0.87,10,10,0.33
P02027,35,7.3,0.68,5,3,0.21
P02028,43,5.8,0.96,2,1,0.17
P02029,22,13.8,0.61,6,15,0.06
P02030,5,9.2,0.56,2,3,0.08
P02031,13,14.1,0.37,10,3,0.39
P02032,11,13.9,0.44,1,10,0.3
P02033,38,4.1,0.48,4,7,0.23
P02034,41,10.5,0.96,10,10,0.06
P02035,29,13.1,0.92,10,3,0.22
P02036,33,3.2,0.33,0,10,0.33
P02037,39,10.2,0.45,5,12,0.13
P02038,36,7.0,0.54,1,13,0.1
P02039,43,6.8,0.89,1,1,0.14
P02040,19,12.2,0.34,3,8,0.12
P02041,14,8.1,0.65,0,0,0.1
P02042,72,8.8,0.94,8,4,0.2
P02043,14,7.6,0.3,1,7,0.1
P02044,32,8.6,0.48,7,6,0.18
P02045,31,9.5,0.93,0,1,0.19
P02046,56,8.3,0.88,4,0,0.24
P02047,21,13.3,0.34,5,6,0.31
P02048,39,7.2,0.42,6,6,0.17
P02049,88,14.4,0.92,3,6,0.22
P02050,38,4.4,0.89,10,6,0.09
P02051,14,3.6,0.64,3,2,0.21
P02052,39,3.6,0.44,4,6,0.14
P02053,25,5.9,0.9,3,5,0.24
P02054,29,6.0,0.33,1,15,0.23
P02055,23,11.1,0.42,9,12,0.25
P02056,28,6.7,0.98,0,5,0.28
P02057,28,4.6,0.48,8,13,0.39
P02058,28,10.2,0.37,4,15,0.16
P02059,53,13.1,0.93,10,3,0.18
P02060,38,8.6,0.86,10,3,0.18
P02061,7,9.7,0.41,0,1,0.39
P02062,21,11.3,0.37,6,7,0.16
P02063,44,8.0,0.92,7,1,0.26
P02064,31,9.3,0.7,2,15,0.18
P02065,36,12.6,0.47,10,0,0.28
P02066,26,14.0,0.67,5,1,0.1
P02067,39,12.0,0.87,9,15,0.13
P02068,42,5.4,0.95,5,13,0.1
P02069,38,7.7,0.6,6,3,0.27
P02070,35,12.1,0.87,9,8,0.28
P02071,37,6.4,0.45,8,2,0.37
P02072,62,10.2,0.96,0,4,0.22
P02073,53,2.4,0.97,6,15,0.23
P02074,25,13.0,0.35,2,14,0.13
P02075,62,3.8,0.93,4,11,0.38
P02076,55,3.7,0.85,9,14,0.34
P02077,8,2.9,0.36,2,4,0.15
P02078,15,10.0,0.32,3,5,0.06
P02079,11,8.2,0.63,7,3,0.27
P02080,72,12.3,0.94,6,12,0.06
P02081,27,3.1,0.9,6,15,0.4
P02082,32,9.9,0.6,7,9,0.2
P02083,16,13.3,0.57,9,2,0.29
P02084,10,8.6,0.37,0,11,0.09
P02085,78,12.7,0.94,5,2,0.12
P02086,29,10.4,0.37,7,7,0.12
P02087,30,10.3,0.68,5,15,0.21
P02088,12,13.1,0.38,9,7,0.29
P02089,55,3.5,0.88,9,8,0.4
P02090,23,10.0,0.36,5,3,0.11
P02091,43,9.1,0.94,10,9,0.07
P02092,38,8.3,0.97,4,13,0.31
P02093,20,6.9,0.39,10,4,0.21
P02094,46,14.8,0.92,1,3,0.27
P02095,34,10.2,0.97,2,10,0.13
P02096,13,4.9,0.58,5,10,0.32
P02097,16,6.7,0.64,10,0,0.35
P02098,35,10.3,0.54,1,14,0.36
P02099,58,11.1,0.86,2,6,0.3
P02100,11,10.1,0.65,4,11,0.26
P02101,39,13.2,0.89,10,14,0.3
P02102,14,12.2,0.55,10,4,0.33
P02103,21,12.8,0.31,7,1,0.34
P02104,13,9.3,0.57,6,1,0.07
P02105,10,11.9,0.58,3,10,0.19
P02106,40,3.7,0.52,9,1,0.39
P02107,82,13.7,0.91,7,10,0.21
P02108,29,3.4,0.35,4,1,0.17
P02109,9,11.8,0.56,3,5,0.15
P02110,33,12.5,0.85,7,2,0.19
P02111,26,14.2,0.6,1,10,0.28
P02112,14,10.6,0.36,8,2,0.31
P02113,10,13.5,0.4,9,14,0.25
P02114,87,10.4,0.86,3,13,0.36
P02115,7,14.7,0.46,3,11,0.39
P02116,11,3.2,0.55,1,15,0.08
P02117,31,13.0,0.92,10,13,0.29
P02118,44,6.4,0.89,7,15,0.12
P02119,17,10.3,0.68,9,1,0.31
P02120,23,10.0,0.69,7,5,0.09
P02121,18,13.2,0.52,0,12,0.28
P02122,5,14.9,0.51,2,15,0.05
P02123,24,2.4,0.91,8,3,0.22
P02124,34,9.1,0.58,3,4,0.27
P02125,21,6.6,0.86,9,0,0.1
P02126,85,11.4,0.87,8,12,0.38
P02127,20,9.8,0.53,7,9,0.32
P02128,20,13.5,0.91,7,6,0.11
P02129,25,9.2,0.34,0,14,0.33
P02130,71,10.3,0.95,5,6,0.15
P02131,37,12.8,0.94,5,5,0.33
P02132,66,10.7,0.94,3,13,0.13
P02133,15,5.7,0.68,5,13,0.09
P02134,85,13.2,0.94,2,9,0.34
P02135,22,7.5,0.45,3,2,0.2
P02136,36,14.2,0.65,8,5,0.12
P02137,21,2.9,0.69,7,9,0.39
P02138,16,6.5,0.62,9,14,0.35
P02139,11,4.4,0.62,6,0,0.07
P02140,36,7.7,0.46,7,4,0.14
P02141,63,12.9,0.87,0,14,0.21
P02142,39,12.3,0.51,9,13,0.09
P02143,90,8.8,0.86,0,7,0.15
P02144,33,11.9,0.97,10,6,0.33
P02145,59,14.3,0.97,1,0,0.17
P02146,7,14.3,0.34,3,9,0.4
P02147,34,13.7,0.64,8,10,0.24
P02148,64,3.8,0.9,5,2,0.22
P02149,32,13.1,0.55,10,2,0.26
P02150,86,10.3,0.87,4,2,0.37
P02151,30,6.7,0.46,3,9,0.08
P02152,68,13.7,0.86,1,14,0.25
P02153,25,3.9,0.4,2,8,0.18
P02154,21,12.2,0.57,5,1,0.3
P02155,7,2.2,0.68,7,9,0.4
P02156,82,12.5,0.95,8,4,0.26
P02157,40,3.8,0.38,0,6,0.32
P02158,20,13.9,0.96,3,3,0.11
P02159,35,7.9,0.96,6,10,0.39
P02160,14,6.3,0.33,10,3,0.27
P02161,18,2.9,0.54,4,12,0.36
P02162,33,3.8,0.95,4,8,0.18
P02163,54,3.5,0.96,3,6,0.28
P02164,34,11.7,0.89,5,14,0.15
P02165,34,6.4,0.3,1,9,0.12
P02166,75,9.6,0.96,2,14,0.13
P02167,72,9.0,0.94,3,1,0.16
P02168,37,2.1,0.49,1,3,0.27
P02169,17,12.5,0.69,3,3,0.23
P02170,29,9.5,0.94,4,0,0.22
P02171,34,9.3,0.56,3,7,0.18
P02172,21,2.6,0.62,4,15,0.3
P02173,31,10.5,0.87,8,15,0.35
P02174,21,6.6,0.43,10,15,0.15
P02175,76,6.9,0.86,3,10,0.31
P02176,40,2.7,0.63,2,12,0.1
P02177,20,5.2,0.46,3,5,0.07
P02178,33,6.1,0.87,4,8,0.3
P02179,27,9.2,0.66,9,5,0.13
P02180,63,2.8,0.85,10,14,0.38
P02181,50,10.2,0.96,3,13,0.24
P02182,20,7.9,0.43,5,7,0.19
P02183,84,3.9,0.87,3,2,0.11
P02184,66,9.6,0.85,4,8,0.3
P02185,32,4.2,0.95,7,10,0.09
P02186,39,6.5,0.38,10,12,0.08
P02187,6,14.3,0.62,3,4,0.11
P02188,61,12.1,0.92,2,11,0.33
P02189,64,12.9,0.87,10,12,0.05
P02190,63,4.1,0.86,1,1,0.18
P02191,78,7.2,0.9,8,2,0.12
P02192,24,5.0,0.68,5,11,0.21
P02193,90,12.9,0.95,3,1,0.17
P02194,58,12.3,0.9,5,9,0.09
P02195,77,7.6,0.9,10,15,0.19
P02196,32,9.1,0.58,6,2,0.19
P02197,16,7.2,0.5,4,10,0.23
P02198,8,4.1,0.32,3,4,0.23
P02199,31,11.3,0.63,6,7,0.07
P02200,55,13.8,0.9,6,5,0.16
P02201,37,12.8,0.65,6,7,0.13
P02202,12,2.2,0.38,9,2,0.36
P02203,31,13.9,0.43,5,11,0.18
P02204,22,11.0,0.32,8,3,0.32
P02205,73,4.5,0.9,0,1,0.33
P02206,50,3.6,0.88,6,11,0.14
P02207,16,14.4,0.32,3,3,0.1
P02208,79,3.9,0.89,1,15,0.29
P02209,14,8.8,0.69,5,0,0.13
P02210,34,10.4,0.85,10,7,0.39
P02211,23,13.5,0.32,0,7,0.33
P02212,84,5.1,0.9,7,10,0.21
P02213,29,14.7,0.48,5,8,0.35
P02214,32,14.0,0.49,2,2,0.13
P02215,90,14.4,0.96,3,0,0.11
P02216,22,9.6,0.38,3,6,0.16
P02217,20,12.4,0.55,9,15,0.31
P02218,28,8.8,0.32,9,15,0.25
P02219,39,12.4,0.63,4,9,0.17
P02220,63,2.8,0.92,6,13,0.33
P02221,40,11.5,0.6,3,10,0.3
P02222,8,3.8,0.64,8,3,0.22
P02223,12,13.9,0.56,9,15,0.29
P02224,15,9.9,0.61,7,9,0.1
P02225,56,13.3,0.88,5,10,0.19
P02226,5,11.0,0.54,0,5,0.13
P02227,17,3.3,0.57,9,10,0.35
P02228,15,6.3,0.63,8,2,0.37
P02229,16,12.7,0.44,8,15,0.32
P02230,38,9.7,0.59,3,7,0.1
P02231,27,8.3,0.55,9,8,0.34
P02232,29,5.6,0.42,8,13,0.1
P02233,29,9.1,0.54,10,5,0.34
P02234,37,12.1,0.31,3,8,0.1
P02235,27,4.6,0.6,2,2,0.35
P02236,86,12.0,0.87,7,13,0.29
P02237,16,14.1,0.44,1,0,0.33
P02238,27,11.0,0.47,1,12,0.2
P02239,22,3.9,0.49,0,0,0.22
P02240,32,10.1,0.35,10,13,0.07
P02241,86,10.5,0.87,9,8,0.15
P02242,32,9.9,0.85,5,11,0.33
P02243,53,8.4,0.86,5,7,0.12
P02244,15,14.4,0.68,2,15,0.24
P02245,22,2.1,0.65,3,4,0.14
P02246,25,12.0,0.68,8,5,0.35
P02247,14,8.8,0.63,2,14,0.17
P02248,19,10.7,0.52,0,7,0.21
P02249,46,13.8,0.86,7,5,0.16
P02250,24,2.3,0.49,0,4,0.09
P02251,86,13.7,0.95,8,1,0.16
P02252,17,7.8,0.42,2,4,0.15
P02253,83,12.9,0.92,3,13,0.11
P02254,39,6.3,0.37,10,1,0.06
P02255,62,5.2,0.88,3,6,0.09
P02256,11,10.8,0.62,7,14,0.1
P02257,8,3.6,0.42,6,1,0.17
P02258,22,14.4,0.98,2,14,0.27
P02259,61,10.0,0.9,8,4,0.16
P02260,77,10.4,0.96,2,6,0.23
P02261,25,7.0,0.54,8,7,0.2
P02262,20,11.8,0.66,3,0,0.29
P02263,42,10.4,0.94,2,4,0.11
P02264,29,8.5,0.43,9,11,0.31
P02265,36,2.1,0.93,7,2,0.3
P02266,76,4.2,0.87,0,0,0.13
P02267,39,7.8,0.45,9,8,0.38
P02268,19,3.3,0.39,0,2,0.35
P02269,11,12.6,0.58,3,15,0.13
P02270,27,12.5,0.54,2,10,0.39
P02271,40,4.7,0.66,4,2,0.07
P02272,69,4.0,0.96,10,11,0.19
P02273,82,4.6,0.88,2,1,0.38
P02274,27,14.1,0.34,2,14,0.29
P02275,17,9.3,0.35,10,8,0.07
P02276,65,2.3,0.93,5,12,0.05
P02277,17,10.1,0.48,4,15,0.34
P02278,9,12.2,0.67,2,11,0.22
P02279,38,13.6,0.51,4,5,0.12
P02280,38,4.4,0.3,5,15,0.1
P02281,32,11.6,0.58,9,1,0.23
P02282,37,13.4,0.91,2,5,0.26
P02283,25,7.6,0.56,4,8,0.1
P02284,27,11.8,0.56,10,4,0.4
P02285,39,9.2,0.7,0,12,0.07
P02286,13,4.3,0.61,2,2,0.17
P02287,7,11.3,0.56,10,0,0.32
P02288,57,11.0,0.95,1,3,0.09
P02289,23,14.0,0.6,8,13,0.38
P02290,39,5.7,0.94,10,15,0.33
P02291,7,11.5,0.45,10,2,0.15
P02292,18,2.2,0.47,4,2,0.3
P02293,12,5.3,0.54,1,15,0.26
P02294,40,6.6,0.61,6,15,0.32
P02295,57,12.7,0.89,6,13,0.12
P02296,5,10.0,0.44,1,10,0.17
P02297,68,5.9,0.95,2,12,0.26
P02298,24,6.9,0.53,6,9,0.24
P02299,75,3.5,0.85,1,9,0.22
P02300,89,11.6,0.96,4,8,0.17
P02301,30,13.0,0.92,8,11,0.08
P02302,29,3.9,0.92,3,6,0.23
P02303,57,12.8,0.89,8,14,0.19
P02304,29,6.2,0.34,0,2,0.25
P02305,22,6.7,0.34,1,10,0.11
P02306,28,7.8,0.66,8,14,0.06
P02307,35,9.6,0.57,1,5,0.25
P02308,62,13.3,0.98,4,6,0.24
P02309,39,8.5,0.94,0,15,0.18
P02310,7,7.2,0.44,10,6,0.19
P02311,25,13.6,0.6,0,8,0.39
P02312,10,2.2,0.61,5,12,0.15
P02313,58,3.6,0.95,6,0,0.12
P02314,36,10.2,0.6,2,12,0.23
P02315,10,2.0,0.55,4,10,0.09
P02316,33,2.6,0.92,8,4,0.06
P02317,36,7.6,0.32,4,8,0.37
P02318,41,6.0,0.95,1,15,0.36
P02319,48,3.3,0.97,5,0,0.3
P02320,39,5.3,0.58,3,13,0.15
P02321,25,13.0,0.44,9,14,0.23
P02322,68,14.1,0.95,8,6,0.35
P02323,30,7.6,0.93,10,4,0.06
P02324,32,12.0,0.49,6,3,0.35
P02325,6,13.7,0.69,2,4,0.32
P02326,18,8.9,0.68,9,4,0.17
P02327,6,10.9,0.47,0,13,0.15
P02328,6,6.9,0.65,4,9,0.25
P02329,37,3.1,0.47,9,9,0.14
P02330,6,11.7,0.32,9,13,0.25
P02331,28,10.1,0.36,2,2,0.2
P02332,15,5.7,0.63,6,5,0.15
P02333,63,10.4,0.9,8,14,0.3
P02334,65,3.9,0.9,2,0,0.17
P02335,33,7.9,0.36,2,13,0.3
P02336,45,7.8,0.92,2,13,0.21
P02337,26,14.8,0.86,0,4,0.08
P02338,31,12.9,0.94,5,0,0.14
P02339,43,8.5,0.87,9,11,0.13
P02340,30,4.5,0.47,3,12,0.22
P02341,27,14.3,0.53,10,10,0.23
P02342,31,8.8,0.93,10,14,0.33
P02343,83,10.6,0.91,7,3,0.09
P02344,6,13.1,0.43,10,4,0.16
P02345,22,6.6,0.36,3,8,0.14
P02346,32,10.8,0.87,1,9,0.1
P02347,30,5.0,0.96,2,5,0.16
P02348,8,8.9,0.39,6,10,0.23
P02349,75,13.9,0.85,4,7,0.34
P02350,21,3.3,0.69,8,1,0.1
P02351,12,8.3,0.36,5,10,0.08
P02352,30,9.6,0.39,9,6,0.24
P02353,36,10.7,0.7,2,8,0.16
P02354,20,3.0,0.45,6,14,0.06
P02355,13,13.9,0.57,4,11,0.21
P02356,33,7.5,0.96,7,1,0.06
P02357,31,5.3,0.39,2,0,0.35
P02358,49,4.6,0.95,10,9,0.39
P02359,6,6.4,0.36,1,12,0.31
P02360,78,7.4,0.87,3,13,0.16
P02361,39,4.0,0.97,0,11,0.38
P02362,35,5.0,0.65,6,1,0.16
P02363,77,6.7,0.97,10,8,0.24
P02364,44,13.5,0.91,0,10,0.23
P02365,12,13.8,0.41,9,1,0.35
P02366,14,10.2,0.58,3,15,0.17
P02367,37,8.1,0.87,6,1,0.26
P02368,39,3.0,0.54,2,4,0.08
P02369,41,10.0,0.9,1,1,0.19
P02370,20,13.0,0.35,7,13,0.19
P02371,28,2.7,0.61,6,0,0.21
P02372,22,3.4,0.58,7,2,0.14
P02373,86,14.4,0.91,5,11,0.25
P02374,70,12.8,0.92,1,13,0.38
P02375,24,11.2,0.52,6,14,0.25
P02376,79,12.7,0.94,5,10,0.26
P02377,90,2.9,0.91,0,9,0.19
P02378,75,7.0,0.9,10,4,0.14
P02379,35,9.8,0.43,7,6,0.28
P02380,32,12.5,0.95,0,2,0.22
P02381,34,7.4,0.95,1,15,0.09
P02382,9,6.2,0.34,9,9,0.34
P02383,39,12.0,0.88,9,3,0.33
P02384,30,3.8,0.46,3,15,0.09
P02385,66,7.6,0.94,8,3,0.33
P02386,37,8.1,0.92,2,9,0.37
P02387,6,9.4,0.62,9,14,0.16
P02388,14,9.1,0.4,10,14,0.13
P02389,46,6.9,0.88,8,11,0.17
P02390,9,6.8,0.38,0,11,0.32
P02391,9,14.5,0.65,0,13,0.28
P02392,71,2.2,0.98,8,10,0.32
P02393,33,11.2,0.87,3,5,0.25
P02394,11,7.1,0.5,7,5,0.06
P02395,27,4.0,0.31,0,0,0.35
P02396,27,13.4,0.69,4,2,0.15
P02397,14,12.1,0.56,4,1,0.18
P02398,26,9.7,0.59,6,2,0.21
P02399,8,2.7,0.42,8,3,0.38
P02400,23,4.2,0.57,1,11,0.33
P02401,22,3.8,0.94,4,14,0.18
P02402,63,6.1,0.89,10,3,0.13
P02403,68,8.2,0.97,10,4,0.21
P02404,61,10.8,0.97,0,6,0.1
P02405,8,7.5,0.39,0,11,0.26
P02406,35,10.1,0.96,0,4,0.16
P02407,24,12.8,0.98,8,1,0.09
P02408,17,8.2,0.52,4,1,0.29
P02409,74,4.9,0.9,5,9,0.35
P02410,16,2.3,0.33,7,15,0.38
P02411,35,6.5,0.39,2,0,0.1
P02412,19,13.7,0.48,6,10,0.19
P02413,31,8.0,0.36,0,8,0.21
P02414,27,7.9,0.52,3,15,0.12
P02415,80,6.6,0.88,9,14,0.34
P02416,11,2.6,0.36,1,12,0.4
P02417,87,5.4,0.97,4,14,0.39
P02418,74,10.4,0.85,5,15,0.08
P02419,14,2.2,0.55,10,12,0.38
P02420,79,5.4,0.94,9,0,0.2
P02421,39,14.9,0.55,5,4,0.2
P02422,36,6.4,0.49,10,11,0.25
P02423,9,10.8,0.69,3,3,0.24
P02424,10,6.3,0.61,4,15,0.08
P02425,31,5.3,0.35,9,7,0.22
P02426,8,8.2,0.34,1,4,0.2
P02427,31,7.9,0.42,10,13,0.1
P02428,66,3.5,0.87,3,4,0.21
P02429,30,4.1,0.96,9,11,0.09
P02430,24,8.6,0.93,2,1,0.34
P02431,16,12.4,0.54,1,0,0.38
P02432,10,7.0,0.52,10,7,0.38
P02433,36,6.2,0.55,9,5,0.15
P02434,39,3.0,0.47,5,14,0.36
P02435,16,6.0,0.69,9,1,0.08
P02436,5,10.6,0.59,4,8,0.25
P02437,46,8.0,0.93,8,2,0.11
P02438,18,9.9,0.4,0,12,0.25
P02439,22,5.7,0.46,9,2,0.31
P02440,73,3.0,0.85,3,10,0.14
P02441,31,12.2,0.61,9,12,0.27
P02442,33,11.3,0.87,3,15,0.12
P02443,8,10.8,0.66,4,8,0.33
P02444,46,5.4,0.89,6,2,0.2
P02445,37,7.3,0.88,7,15,0.06
P02446,37,13.8,0.64,6,9,0.39
P02447,37,4.0,0.46,2,6,0.24
P02448,31,12.8,0.98,7,11,0.24
P02449,85,8.2,0.97,3,2,0.24
P02450,16,3.7,0.61,3,5,0.27
P02451,49,10.7,0.89,5,5,0.37
P02452,28,3.4,0.7,6,10,0.29
P02453,38,4.5,0.49,6,15,0.33
P02454,12,5.5,0.68,1,0,0.12
P02455,11,5.6,0.58,0,2,0.07
P02456,30,5.0,0.58,2,9,0.13
P02457,7,5.2,0.65,3,1,0.34
P02458,30,12.7,0.46,6,12,0.37
P02459,61,14.5,0.88,9,7,0.26
P02460,5,9.7,0.31,3,11,0.25
P02461,19,7.1,0.48,1,12,0.11
P02462,39,13.8,0.89,9,7,0.31
P02463,32,13.3,0.69,6,11,0.22
P02464,39,11.3,0.68,6,10,0.15
P02465,21,13.8,0.94,0,7,0.3
P02466,32,12.5,0.95,0,2,0.31
P02467,17,7.6,0.31,1,5,0.32
P02468,85,9.7,0.86,10,2,0.14
P02469,81,7.4,0.9,6,10,0.1
P02470,11,11.0,0.46,3,2,0.21
P02471,31,2.6,0.41,4,1,0.32
P02472,89,9.4,0.85,3,3,0.09
P02473,37,3.3,0.56,8,11,0.19
P02474,41,14.7,0.97,8,11,0.24
P02475,28,8.4,0.7,0,15,0.1
P02476,56,12.6,0.92,8,13,0.05
P02477,64,14.0,0.98,9,6,0.22
P02478,30,5.9,0.36,10,0,0.09
P02479,27,9.2,0.93,4,8,0.05
P02480,33,3.3,0.91,6,1,0.2
P02481,40,7.9,0.55,5,4,0.15
P02482,39,12.2,0.65,0,1,0.34
P02483,17,14.9,0.42,9,4,0.16
P02484,21,5.9,0.94,4,9,0.13
P02485,20,12.8,0.89,7,8,0.1
P02486,44,7.7,0.87,10,11,0.3
P02487,7,4.4,0.51,9,5,0.13
P02488,18,14.0,0.37,4,4,0.22
P02489,45,12.8,0.88,2,10,0.14
P02490,10,3.0,0.41,9,5,0.34
P02491,60,4.8,0.89,7,12,0.14
P02492,41,8.5,0.9,8,12,0.26
P02493,14,4.1,0.31,1,12,0.4
P02494,27,6.3,0.43,10,15,0.11
P02495,50,3.8,0.88,7,7,0.17
P02496,40,5.3,0.31,5,5,0.07
P02497,37,5.3,0.9,7,3,0.37
P02498,61,4.2,0.87,8,7,0.3
P02499,11,2.8,0.63,7,7,0.3
P02500,7,2.5,0.47,1,0,0.38
P02501,74,11.9,0.89,1,10,0.38
P02502,38,14.3,0.38,7,7,0.17
P02503,23,13.9,0.48,10,2,0.4
P02504,16,9.3,0.34,0,11,0.31
P02505,11,10.1,0.31,0,9,0.31
P02506,24,14.9,0.63,6,1,0.36
P02507,6,14.9,0.55,5,4,0.17
P02508,39,8.9,0.35,5,11,0.29
P02509,40,3.8,0.63,9,3,0.25
P02510,17,12.2,0.41,0,6,0.34
P02511,11,12.6,0.69,2,5,0.13
P02512,22,6.8,0.89,2,5,0.38
P02513,80,5.9,0.89,2,10,0.17
P02514,22,4.3,0.86,2,0,0.24
P02515,76,6.7,0.87,8,13,0.19
P02516,15,9.9,0.7,2,14,0.33
P02517,12,9.7,0.45,1,4,0.28
P02518,23,2.8,0.6,5,5,0.33
P02519,44,2.6,0.94,7,9,0.27
P02520,18,10.2,0.65,4,14,0.1
P02521,72,10.2,0.93,1,4,0.16
P02522,17,6.6,0.44,10,6,0.33
P02523,37,6.3,0.51,9,8,0.07
P02524,77,7.8,0.88,10,10,0.35
P02525,5,14.9,0.58,0,10,0.22
P02526,87,6.6,0.97,6,10,0.11
P02527,31,5.2,0.51,1,10,0.32
P02528,48,8.8,0.95,4,6,0.15
P02529,58,6.2,0.97,6,4,0.38
P02530,60,2.1,0.98,0,12,0.06
P02531,26,8.9,0.52,8,3,0.18
P02532,89,14.2,0.96,9,7,0.17
P02533,48,3.4,0.93,6,9,0.2
P02534,22,2.3,0.97,2,8,0.09
P02535,20,4.4,0.95,10,2,0.28
P02536,30,8.6,0.38,10,15,0.25
P02537,12,6.3,0.69,1,3,0.34
P02538,37,14.4,0.63,9,8,0.26
P02539,80,4.7,0.85,7,2,0.13
P02540,35,11.2,0.95,2,7,0.21
P02541,7,6.5,0.45,7,11,0.11
P02542,87,8.4,0.86,0,9,0.31
P02543,38,11.5,0.91,7,2,0.27
P02544,56,13.2,0.91,0,10,0.07
P02545,21,9.9,0.62,6,11,0.3
P02546,35,11.8,0.96,0,5,0.08
P02547,40,11.7,0.43,7,1,0.29
P02548,21,2.5,0.87,10,12,0.28
P02549,77,3.4,0.85,4,15,0.12
P02550,26,8.8,0.92,4,15,0.33
P02551,79,6.0,0.89,1,1,0.21
P02552,21,5.7,0.32,3,2,0.26
P02553,15,13.8,0.51,5,15,0.14
P02554,56,9.4,0.95,3,5,0.2
P02555,26,3.0,0.91,8,8,0.22
P02556,20,5.9,0.53,9,9,0.29
P02557,20,10.6,0.64,6,0,0.16
P02558,12,5.6,0.48,6,15,0.2
P02559,32,12.4,0.3,10,6,0.36
P02560,49,13.9,0.98,4,9,0.38
P02561,20,10.8,0.91,10,1,0.2
P02562,65,5.9,0.91,5,8,0.26
P02563,32,10.9,0.42,8,11,0.34
P02564,30,10.4,0.6,1,0,0.26
P02565,36,14.2,0.41,4,8,0.19
P02566,24,12.9,0.93,3,13,0.31
P02567,17,6.6,0.31,6,0,0.16
P02568,21,2.8,0.43,9,9,0.32
P02569,85,11.1,0.97,5,2,0.34
P02570,32,14.0,0.89,9,3,0.2
P02571,77,10.9,0.95,2,3,0.09
P02572,28,13.8,0.57,10,13,0.07
P02573,24,11.0,0.55,8,3,0.06
P02574,18,11.5,0.58,5,0,0.34
P02575,47,5.1,0.95,4,8,0.14
P02576,24,13.0,0.92,10,11,0.32
P02577,5,11.5,0.36,1,10,0.18
P02578,64,3.0,0.94,3,1,0.17
P02579,34,12.4,0.41,3,12,0.23
P02580,32,2.2,0.6,7,6,0.38
P02581,29,14.2,0.88,1,1,0.29
P02582,32,4.4,0.67,8,12,0.24
P02583,33,15.0,0.54,5,1,0.17
P02584,24,15.0,0.42,1,5,0.2
P02585,9,10.1,0.41,7,0,0.33
P02586,17,5.0,0.6,4,4,0.11
P02587,19,7.6,0.52,0,2,0.21
P02588,20,13.9,0.64,4,2,0.21
P02589,26,14.6,0.54,6,1,0.26
P02590,72,13.9,0.86,6,2,0.19
P02591,31,11.4,0.53,8,4,0.32
P02592,39,4.0,0.46,9,13,0.06
P02593,12,7.8,0.61,4,11,0.33
P02594,28,6.2,0.6,10,14,0.06
P02595,65,13.9,0.89,6,1,0.38
P02596,23,5.7,0.68,7,7,0.08
P02597,6,3.9,0.65,5,9,0.38
P02598,12,6.1,0.45,1,0,0.23
P02599,33,4.3,0.31,4,14,0.21
P02600,33,8.3,0.35,10,5,0.36
P02601,33,3.0,0.59,1,6,0.17
P02602,29,2.1,0.88,8,5,0.17
P02603,5,3.1,0.57,0,1,0.37
P02604,21,10.5,0.39,0,4,0.33
P02605,19,10.4,0.67,8,8,0.12
P02606,13,14.8,0.68,0,5,0.22
P02607,29,3.9,0.3,4,9,0.06
P02608,9,12.3,0.43,9,4,0.28
P02609,10,14.7,0.5,3,9,0.19
P02610,23,9.8,0.87,0,7,0.06
P02611,31,7.7,0.39,3,5,0.16
P02612,24,13.8,0.48,6,4,0.35
P02613,51,10.3,0.96,2,3,0.11
P02614,30,8.8,0.87,4,7,0.4
P02615,32,8.3,0.36,0,11,0.07
P02616,29,8.1,0.67,4,9,0.34
P02617,22,13.4,0.39,10,13,0.29
P02618,5,11.6,0.58,6,13,0.2
P02619,33,9.7,0.66,9,12,0.13
P02620,89,13.9,0.93,2,5,0.26
P02621,67,10.6,0.86,4,3,0.29
P02622,21,12.9,0.7,7,5,0.33
P02623,5,14.6,0.69,8,12,0.23
P02624,14,8.7,0.38,4,13,0.08
P02625,20,12.6,0.61,3,14,0.1
P02626,17,12.5,0.65,3,14,0.31
P02627,16,12.5,0.68,8,6,0.19
P02628,23,14.3,0.92,1,14,0.08
P02629,31,14.8,0.67,3,15,0.15
P02630,23,12.3,0.98,4,2,0.08
P02631,35,2.4,0.51,10,3,0.24
P02632,25,11.5,0.9,2,7,0.13
P02633,52,5.8,0.94,4,6,0.25
P02634,59,4.5,0.91,9,11,0.35
P02635,23,13.7,0.61,9,11,0.32
P02636,23,12.8,0.63,10,13,0.14
P02637,53,11.1,0.89,8,4,0.17
P02638,32,12.1,0.35,1,5,0.14
P02639,82,7.9,0.95,7,12,0.11
P02640,21,9.9,0.44,5,3,0.25
P02641,13,12.8,0.47,7,12,0.11
P02642,24,4.8,0.3,2,10,0.28
P02643,24,8.2,0.87,3,12,0.06
P02644,46,13.0,0.91,3,2,0.14
P02645,60,6.2,0.87,6,4,0.27
P02646,11,7.4,0.68,0,4,0.2
P02647,31,8.5,0.38,9,0,0.24
P02648,36,2.1,0.65,4,13,0.07
P02649,33,9.0,0.87,5,4,0.06
P02650,27,2.3,0.47,2,12,0.27
P02651,9,13.8,0.66,6,8,0.35
P02652,9,11.7,0.66,3,6,0.3
P02653,26,9.4,0.5,6,14,0.16
P02654,37,10.5,0.56,4,2,0.1
P02655,16,2.4,0.59,10,11,0.22
P02656,9,11.9,0.59,8,1,0.31
P02657,21,7.8,0.95,3,3,0.35
P02658,23,9.4,0.51,6,15,0.28
P02659,40,10.4,0.48,0,2,0.1
P02660,19,13.3,0.65,3,0,0.19
P02661,31,9.0,0.52,9,0,0.28
P02662,9,2.3,0.4,9,0,0.24
P02663,37,3.0,0.62,0,13,0.31
P02664,36,8.8,0.45,7,9,0.31
P02665,30,10.9,0.52,9,4,0.21
P02666,33,14.6,0.56,3,3,0.21
P02667,34,6.5,0.59,9,14,0.19
P02668,33,10.0,0.47,8,15,0.37
P02669,5,8.4,0.31,10,7,0.28
P02670,88,14.6,0.89,10,2,0.36
P02671,15,2.3,0.68,10,7,0.2
P02672,20,3.7,0.65,9,0,0.34
P02673,22,7.7,0.68,0,4,0.3
P02674,7,6.1,0.52,0,3,0.32
P02675,87,11.4,0.91,8,14,0.15
P02676,19,2.7,0.67,1,1,0.08
P02677,57,7.0,0.94,6,6,0.16
P02678,65,10.9,0.92,7,0,0.19
P02679,12,14.2,0.54,4,4,0.3
P02680,44,3.3,0.92,5,6,0.22
P02681,19,9.2,0.41,8,2,0.34
P02682,36,4.7,0.93,0,13,0.21
P02683,53,10.1,0.88,2,8,0.26
P02684,80,2.3,0.97,5,8,0.29
P02685,13,2.2,0.57,5,7,0.33
P02686,79,5.2,0.95,0,13,0.38
P02687,13,10.7,0.62,5,12,0.14
P02688,26,12.8,0.92,3,13,0.26
P02689,12,5.9,0.53,3,11,0.09
P02690,9,10.7,0.64,10,1,0.17
P02691,23,4.1,0.6,10,2,0.19
P02692,84,4.5,0.9,2,8,0.39
P02693,13,11.0,0.36,6,12,0.23
P02694,43,10.1,0.87,2,7,0.19
P02695,11,4.0,0.31,5,14,0.38
P02696,20,14.3,0.56,9,11,0.24
P02697,34,12.6,0.88,8,8,0.14
P02698,65,3.6,0.98,7,2,0.13
P02699,20,8.4,0.64,2,10,0.25
P02700,63,8.3,0.97,7,6,0.33
P02701,12,13.0,0.64,0,5,0.31
P02702,41,7.0,0.92,10,12,0.18
P02703,8,6.4,0.3,3,9,0.39
P02704,15,13.4,0.32,9,13,0.23
P02705,10,9.5,0.39,5,9,0.2
P02706,31,4.7,0.63,5,6,0.18
P02707,24,7.1,0.39,5,11,0.33
P02708,35,9.3,0.66,3,5,0.39
P02709,15,6.8,0.5,10,13,0.3
P02710,10,10.8,0.62,2,7,0.14
P02711,75,8.7,0.96,1,9,0.08
P02712,14,10.0,0.68,10,14,0.39
P02713,46,5.3,0.97,3,3,0.06
P02714,73,6.1,0.97,2,2,0.37
P02715,14,13.1,0.57,3,10,0.34
P02716,5,7.6,0.57,1,12,0.39
P02717,38,11.6,0.56,0,6,0.12
P02718,57,14.0,0.91,9,7,0.08
P02719,9,7.9,0.53,10,3,0.14
P02720,18,11.3,0.64,6,4,0.26
P02721,25,4.7,0.39,1,13,0.21
P02722,36,13.4,0.66,2,4,0.34
P02723,19,7.7,0.45,1,1,0.08
P02724,27,6.9,0.55,0,12,0.06
P02725,63,12.9,0.87,10,4,0.09
P02726,13,13.6,0.4,6,12,0.33
P02727,58,4.3,0.89,3,7,0.07
P02728,49,3.4,0.97,9,6,0.38
P02729,34,8.9,0.51,8,5,0.11
P02730,24,6.6,0.94,6,11,0.17
P02731,29,5.9,0.57,0,9,0.13
P02732,15,7.4,0.32,0,7,0.08
P02733,9,8.8,0.38,0,10,0.28
P02734,29,13.9,0.69,2,13,0.13
P02735,10,15.0,0.7,2,9,0.19
P02736,33,14.9,0.94,7,11,0.36
P02737,9,6.3,0.32,8,8,0.3
P02738,12,6.3,0.49,9,3,0.11
P02739,23,10.8,0.37,2,8,0.09
P02740,39,3.8,0.56,0,9,0.32
P02741,30,2.8,0.59,8,7,0.35
P02742,21,6.9,0.66,4,11,0.09
P02743,76,8.0,0.93,4,8,0.14
P02744,9,11.3,0.37,1,10,0.3
P02745,35,11.9,0.33,7,10,0.22
P02746,65,13.2,0.95,4,12,0.07
P02747,35,13.3,0.92,3,7,0.08
P02748,23,4.1,0.64,1,10,0.13
P02749,69,7.6,0.9,0,8,0.17
P02750,73,4.4,0.96,4,8,0.37
P02751,20,7.1,0.66,6,11,0.25
P02752,17,14.6,0.42,5,1,0.05
P02753,37,7.9,0.61,2,6,0.2
P02754,57,4.4,0.86,2,8,0.23
P02755,9,3.4,0.49,6,10,0.07
P02756,63,13.4,0.96,8,13,0.14
P02757,5,7.6,0.63,1,5,0.38
P02758,18,2.8,0.35,5,6,0.33
P02759,6,6.9,0.38,9,9,0.11
P02760,24,10.4,0.52,9,5,0.2
P02761,78,2.4,0.85,7,10,0.2
P02762,29,4.2,0.31,10,13,0.17
P02763,10,5.8,0.68,0,11,0.31
P02764,7,7.0,0.34,3,5,0.1
P02765,10,3.7,0.61,1,3,0.24
P02766,9,8.6,0.43,0,8,0.1
P02767,31,14.9,0.93,8,8,0.22
P02768,36,7.1,0.36,1,13,0.31
P02769,75,14.2,0.98,3,15,0.31
P02770,24,13.2,0.48,5,12,0.07
P02771,53,12.7,0.88,9,6,0.1
P02772,43,11.1,0.88,6,9,0.35
P02773,19,14.8,0.66,9,9,0.31
P02774,11,8.6,0.63,1,0,0.18
P02775,21,3.9,0.34,2,4,0.4
P02776,54,10.5,0.88,7,0,0.38
P02777,27,2.0,0.89,8,1,0.06
P02778,6,7.2,0.46,1,0,0.2
P02779,65,2.4,0.96,6,14,0.08
P02780,87,6.2,0.94,1,4,0.1
P02781,34,14.7,0.49,9,15,0.35
P02782,39,2.4,0.31,0,10,0.36
P02783,28,3.6,0.61,8,10,0.1
P02784,28,6.7,0.85,6,0,0.31
P02785,72,14.6,0.88,2,5,0.35
P02786,80,5.9,0.92,1,9,0.25
P02787,67,13.1,0.94,4,9,0.38
P02788,24,11.9,0.36,7,11,0.07
P02789,88,8.6,0.93,3,8,0.11
P02790,71,5.1,0.93,3,9,0.27
P02791,48,13.2,0.9,0,5,0.24
P02792,5,12.4,0.53,6,14,0.09
P02793,41,3.4,0.9,7,1,0.25
P02794,39,8.9,0.53,3,6,0.27
P02795,40,10.7,0.45,3,7,0.25
P02796,5,4.9,0.61,2,9,0.13
P02797,24,2.6,0.35,10,11,0.27
P02798,22,10.1,0.3,9,1,0.05
P02799,20,6.6,0.34,6,15,0.11
P02800,28,9.7,0.9,4,15,0.38
P02801,24,10.7,0.59,2,15,0.17
P02802,38,8.7,0.62,10,7,0.15
P02803,30,10.7,0.66,3,6,0.07
P02804,20,14.9,0.44,1,12,0.07
P02805,16,6.8,0.51,9,8,0.19
P02806,34,3.3,0.55,9,15,0.19
P02807,25,8.6,0.5,2,4,0.28
P02808,19,11.4,0.49,7,6,0.25
P02809,11,3.0,0.38,3,3,0.15
P02810,43,4.4,0.96,3,7,0.29
P02811,76,2.6,0.86,8,5,0.25
P02812,5,11.9,0.63,3,11,0.23
P02813,5,13.3,0.69,0,7,0.34
P02814,34,3.8,0.56,10,11,0.28
P02815,28,2.9,0.41,6,2,0.36
P02816,10,6.9,0.49,8,0,0.36
P02817,46,4.9,0.88,6,0,0.16
P02818,26,14.0,0.92,3,12,0.16
P02819,22,13.4,0.54,0,12,0.15
P02820,23,9.2,0.31,3,9,0.14
P02821,14,7.1,0.55,0,0,0.18
P02822,17,13.6,0.49,7,10,0.29
P02823,79,12.4,0.86,9,6,0.39
P02824,45,13.5,0.86,3,2,0.08
P02825,30,14.0,0.53,8,7,0.25
P02826,24,4.7,0.31,9,0,0.16
P02827,65,6.7,0.97,4,8,0.39
P02828,40,14.5,0.35,8,8,0.07
P02829,19,2.8,0.43,6,1,0.14
P02830,10,12.6,0.5,4,13,0.35
P02831,38,14.7,0.86,6,10,0.39
P02832,35,8.5,0.5,1,4,0.23
P02833,11,14.3,0.67,8,12,0.3
P02834,13,11.2,0.67,7,7,0.21
P02835,59,4.8,0.96,4,5,0.38
P02836,21,11.1,0.41,6,11,0.26
P02837,18,10.0,0.42,10,12,0.33
P02838,21,3.8,0.67,3,6,0.22
P02839,30,7.6,0.43,2,12,0.26
P02840,10,11.5,0.4,6,4,0.2
P02841,11,6.9,0.35,9,13,0.07
P02842,13,3.9,0.42,4,10,0.19
P02843,40,6.7,0.97,9,11,0.38
P02844,27,12.2,0.96,7,5,0.06
P02845,43,7.7,0.88,10,8,0.07
P02846,17,12.2,0.42,6,9,0.37
P02847,43,8.6,0.97,9,5,0.34
P02848,43,11.7,0.88,5,14,0.21
P02849,34,5.9,0.9,2,8,0.34
P02850,8,10.5,0.41,6,11,0.38
P02851,49,13.1,0.95,0,4,0.26
P02852,70,5.3,0.89,10,5,0.26
P02853,39,14.2,0.92,6,7,0.28
P02854,13,12.4,0.37,3,9,0.09
P02855,72,10.1,0.93,2,3,0.22
P02856,27,2.5,0.63,10,6,0.33
P02857,6,8.6,0.42,8,13,0.16
P02858,12,14.7,0.46,3,13,0.12
P02859,66,4.2,0.96,6,7,0.22
P02860,85,5.4,0.93,5,3,0.32
P02861,40,12.5,0.7,2,11,0.34
P02862,6,7.5,0.67,2,8,0.11
P02863,37,12.4,0.62,0,12,0.23
P02864,22,13.3,0.41,0,4,0.06
P02865,30,5.5,0.45,3,2,0.2
P02866,60,9.0,0.85,2,6,0.36
P02867,85,14.0,0.86,10,6,0.33
P02868,23,9.8,0.9,4,3,0.06
P02869,37,7.6,0.93,5,4,0.1
P02870,25,10.2,0.38,8,6,0.28
P02871,45,10.8,0.88,5,14,0.26
P02872,10,2.3,0.51,0,15,0.33
P02873,29,5.2,0.52,6,7,0.3
P02874,87,9.5,0.97,0,11,0.28
P02875,58,5.6,0.87,8,4,0.37
P02876,27,13.8,0.96,5,15,0.24
P02877,55,9.2,0.87,8,10,0.21
P02878,34,8.7,0.43,9,0,0.22
P02879,54,11.4,0.86,6,0,0.21
P02880,20,10.0,0.52,6,10,0.3
P02881,39,6.3,0.63,0,1,0.27
P02882,22,13.2,0.55,1,11,0.39
P02883,11,3.2,0.61,0,5,0.35
P02884,64,2.8,0.95,1,7,0.17
P02885,22,7.8,0.36,9,10,0.34
P02886,22,7.6,0.89,0,12,0.19
P02887,31,10.5,0.32,8,15,0.21
P02888,21,5.3,0.34,0,14,0.37
P02889,21,12.7,0.49,1,6,0.09
P02890,41,8.7,0.97,4,0,0.16
P02891,66,4.6,0.91,1,12,0.35
P02892,26,9.2,0.42,3,10,0.07
P02893,6,6.7,0.35,2,11,0.23
P02894,41,2.9,0.96,8,5,0.06
P02895,28,4.7,0.36,10,10,0.27
P02896,40,10.9,0.37,1,7,0.21
P02897,13,13.1,0.49,6,14,0.13
P02898,12,8.8,0.43,6,8,0.39
P02899,22,8.3,0.33,7,14,0.34
P02900,90,10.3,0.98,10,6,0.35
P02901,45,3.1,0.94,1,4,0.2
P02902,20,10.2,0.3,2,2,0.17
P02903,6,14.3,0.65,10,13,0.11
P02904,10,4.1,0.33,8,4,0.26
P02905,83,11.2,0.89,0,5,0.25
P02906,76,10.4,0.92,6,1,0.25
P02907,66,11.5,0.95,1,12,0.27
P02908,7,2.6,0.67,1,13,0.19
P02909,6,2.2,0.41,9,14,0.06
P02910,40,5.7,0.61,0,1,0.3
P02911,15,9.7,0.68,5,11,0.12
P02912,19,10.6,0.62,2,6,0.28
P02913,15,10.9,0.62,3,5,0.19
P02914,58,12.5,0.91,3,7,0.35
P02915,11,9.8,0.31,1,0,0.38
P02916,88,14.4,0.93,3,15,0.39
P02917,21,13.0,0.62,3,10,0.29
P02918,32,3.4,0.54,2,0,0.15
P02919,32,12.2,0.87,0,6,0.17
P02920,21,12.1,0.86,6,7,0.11
P02921,57,10.3,0.93,5,4,0.15
P02922,39,11.4,0.88,10,12,0.15
P02923,29,9.9,0.63,4,14,0.33
P02924,5,3.8,0.56,9,13,0.15
P02925,53,12.5,0.97,1,5,0.3
P02926,23,7.5,0.42,2,6,0.36
P02927,12,13.9,0.37,7,9,0.2
P02928,52,9.0,0.9,6,6,0.05
P02929,30,6.2,0.58,4,12,0.35
P02930,69,13.8,0.96,10,13,0.36
P02931,27,5.2,0.57,5,9,0.31
P02932,20,9.9,0.69,9,8,0.35
P02933,78,11.6,0.88,6,12,0.36
P02934,29,14.6,0.93,3,9,0.25
P02935,39,7.8,0.94,0,9,0.17
P02936,11,7.9,0.68,10,7,0.39
P02937,26,8.2,0.38,8,14,0.17
P02938,20,3.9,0.54,5,11,0.25
P02939,19,2.0,0.44,5,15,0.33
P02940,38,14.8,0.47,10,11,0.11
P02941,65,14.7,0.86,7,0,0.34
P02942,20,8.0,0.31,6,5,0.37
P02943,66,9.7,0.92,3,12,0.33
P02944,31,5.7,0.93,2,0,0.27
P02945,36,5.6,0.38,6,7,0.16
P02946,38,12.2,0.9,7,13,0.13
P02947,75,9.4,0.97,0,2,0.26
P02948,24,5.3,0.5,7,15,0.36
P02949,25,9.6,0.6,3,14,0.29
P02950,42,11.6,0.87,0,9,0.35
P02951,32,6.6,0.5,3,10,0.32
P02952,27,11.7,0.53,3,7,0.12
P02953,27,5.5,0.4,3,13,0.17
P02954,32,13.5,0.57,10,0,0.33
P02955,6,13.6,0.49,3,5,0.21
P02956,38,7.0,0.9,2,10,0.19
P02957,10,4.6,0.52,10,2,0.39
P02958,50,3.8,0.97,4,11,0.37
P02959,44,2.9,0.93,4,3,0.38
P02960,35,14.9,0.97,10,12,0.14
P02961,76,3.5,0.93,7,8,0.36
P02962,32,5.4,0.87,5,2,0.39
P02963,37,9.2,0.98,6,2,0.13
P02964,27,4.8,0.53,1,9,0.36
P02965,36,3.2,0.36,2,3,0.28
P02966,28,9.6,0.54,3,1,0.12
P02967,48,12.1,0.93,2,5,0.3
P02968,81,14.7,0.92,9,8,0.15
P02969,76,11.7,0.95,7,4,0.3
P02970,63,6.7,0.91,9,4,0.35
P02971,40,3.4,0.91,3,6,0.31
P02972,46,14.2,0.88,9,0,0.39
P02973,22,6.0,0.56,8,13,0.14
P02974,19,8.2,0.62,9,12,0.14
P02975,43,9.7,0.94,7,15,0.21
P02976,50,8.3,0.93,9,14,0.27
P02977,37,7.3,0.69,8,2,0.34
P02978,76,2.8,0.94,7,4,0.26
P02979,27,7.3,0.5,5,14,0.27
P02980,64,3.1,0.9,5,10,0.11
P02981,34,3.6,0.54,0,1,0.33
P02982,24,10.0,0.88,0,15,0.28
P02983,54,6.3,0.86,8,12,0.27
P02984,20,3.9,0.36,4,2,0.27
P02985,86,9.7,0.88,8,9,0.1
P02986,35,9.4,0.89,5,13,0.14
P02987,35,2.9,0.93,5,5,0.21
P02988,11,7.1,0.34,8,3,0.17
P02989,65,4.6,0.96,0,15,0.21
P02990,15,10.9,0.58,10,1,0.26
P02991,24,6.3,0.49,10,1,0.4
P02992,14,8.2,0.52,6,11,0.17
P02993,59,14.5,0.86,9,5,0.27
P02994,86,7.3,0.92,3,2,0.15
P02995,74,7.6,0.91,2,0,0.22
P02996,29,14.1,0.85,10,15,0.2
P02997,36,7.4,0.61,3,10,0.15
P02998,55,10.5,0.96,6,9,0.34
P02999,34,15.0,0.98,2,9,0.35
P03000,35,12.6,0.66,2,13,0.33
P03001,25,8.1,0.33,8,12,0.21
P03002,34,8.8,0.97,2,7,0.18
P03003,14,9.7,0.68,0,0,0.22
P03004,7,13.2,0.58,3,15,0.31
P03005,35,5.3,0.53,9,5,0.27
P03006,31,6.7,0.42,4,13,0.2
P03007,37,6.9,0.43,0,9,0.39
P03008,71,2.1,0.94,9,3,0.31
P03009,76,10.2,0.89,9,6,0.07
P03010,12,13.4,0.44,5,13,0.17
P03011,17,10.4,0.45,1,0,0.37
P03012,21,14.3,0.94,5,6,0.39
P03013,8,10.3,0.33,6,4,0.31
P03014,23,8.6,0.97,4,5,0.32
P03015,22,3.1,0.5,8,11,0.21
P03016,7,6.8,0.5,3,4,0.28
P03017,56,10.0,0.86,0,12,0.07
P03018,5,14.9,0.53,3,5,0.05
P03019,31,10.6,0.55,10,15,0.18
P03020,76,10.4,0.92,7,15,0.15
P03021,16,12.1,0.34,2,9,0.11
P03022,30,14.0,0.42,10,9,0.15
P03023,28,3.1,0.56,9,6,0.29
P03024,63,11.5,0.94,5,15,0.21
P03025,38,5.7,0.39,2,13,0.05
P03026,59,5.3,0.89,7,1,0.12
P03027,34,14.8,0.96,2,3,0.07
P03028,39,4.8,0.42,2,4,0.36
P03029,39,9.4,0.54,5,5,0.29
P03030,23,4.3,0.41,4,5,0.25
P03031,28,12.5,0.85,4,12,0.07
P03032,25,12.0,0.46,8,1,0.15
P03033,16,2.6,0.39,2,15,0.06
P03034,33,7.0,0.4,4,14,0.16
P03035,37,3.1,0.87,3,9,0.09
P03036,36,2.6,0.88,2,3,0.27
P03037,77,13.6,0.85,6,11,0.14
P03038,10,3.8,0.39,10,2,0.12
P03039,32,14.2,0.68,0,4,0.36
P03040,59,3.4,0.9,2,0,0.17
P03041,10,11.9,0.69,1,13,0.12
P03042,88,8.1,0.92,10,5,0.09
P03043,22,7.9,0.5,3,3,0.18
P03044,35,2.9,0.9,2,0,0.37
P03045,25,2.3,0.89,1,7,0.09
P03046,8,6.3,0.5,8,15,0.05
P03047,53,8.2,0.91,8,10,0.34
P03048,73,5.7,0.85,3,0,0.23
P03049,90,12.2,0.9,3,1,0.28
P03050,30,6.8,0.31,8,14,0.32
P03051,33,9.6,0.92,0,14,0.35
P03052,21,2.8,0.61,10,11,0.11
P03053,30,5.5,0.41,8,15,0.05
P03054,24,11.1,0.91,10,12,0.31
P03055,7,12.5,0.56,2,0,0.39
P03056,12,13.9,0.39,7,4,0.14
P03057,24,8.4,0.94,7,13,0.35
P03058,16,14.0,0.51,2,1,0.23
P03059,87,7.3,0.93,1,1,0.35
P03060,85,7.5,0.86,2,2,0.37
P03061,33,13.3,0.5,6,3,0.18
P03062,21,13.3,0.88,9,13,0.31
P03063,13,6.0,0.4,6,13,0.17
P03064,40,5.2,0.42,10,11,0.39
P03065,68,7.8,0.87,9,5,0.29
P03066,83,12.6,0.88,7,5,0.33
P03067,22,10.0,0.49,2,1,0.15
P03068,6,5.3,0.32,3,12,0.06
P03069,21,4.5,0.69,10,2,0.29
P03070,79,4.8,0.92,1,8,0.23
P03071,33,8.8,0.42,5,2,0.1
P03072,38,4.5,0.62,8,2,0.31
P03073,30,4.8,0.52,4,3,0.16
P03074,72,8.9,0.97,6,5,0.33
P03075,71,13.9,0.88,1,7,0.29
P03076,33,3.3,0.32,10,5,0.14
P03077,36,11.5,0.54,3,11,0.31
P03078,39,3.9,0.58,10,2,0.24
P03079,38,6.3,0.91,4,7,0.24
P03080,32,12.5,0.95,7,12,0.1
P03081,39,5.9,0.52,8,13,0.35
P03082,20,3.7,0.62,2,12,0.35
P03083,31,3.4,0.66,7,8,0.3
P03084,84,9.7,0.89,5,9,0.24
P03085,62,8.4,0.91,4,11,0.17
P03086,18,3.4,0.51,9,5,0.06
P03087,31,14.7,0.59,0,6,0.39
P03088,62,13.3,0.87,8,12,0.17
P03089,6,10.2,0.56,4,15,0.15
P03090,43,5.5,0.95,8,12,0.18
P03091,32,12.8,0.34,4,9,0.12
P03092,40,7.2,0.62,3,6,0.13
P03093,9,5.2,0.4,8,10,0.13
P03094,56,4.3,0.95,5,1,0.12
P03095,25,7.6,0.39,4,15,0.17
P03096,22,5.9,0.39,4,6,0.33
P03097,18,13.0,0.56,9,6,0.16
P03098,9,14.4,0.67,3,11,0.35
P03099,23,6.8,0.57,1,6,0.3
P03100,21,2.1,0.59,6,6,0.16
P03101,53,12.6,0.98,3,12,0.2
P03102,73,5.9,0.89,8,9,0.38
P03103,7,8.7,0.52,2,14,0.29
P03104,14,13.8,0.61,7,8,0.07
P03105,21,14.3,0.32,0,12,0.19
P03106,44,12.0,0.95,9,3,0.09
P03107,28,7.4,0.51,3,5,0.26
P03108,24,14.4,0.7,3,8,0.21
P03109,27,11.6,0.49,8,1,0.32
P03110,34,10.3,0.88,9,15,0.38
P03111,61,8.2,0.92,3,15,0.17
P03112,36,5.3,0.53,6,3,0.11
P03113,32,5.4,0.4,10,10,0.37
P03114,24,5.6,0.9,8,6,0.08
P03115,36,4.4,0.41,7,10,0.32
P03116,9,7.0,0.42,9,8,0.25
P03117,9,2.2,0.7,5,0,0.08
P03118,20,6.7,0.41,0,14,0.1
P03119,23,11.8,0.94,9,1,0.38
P03120,26,13.6,0.36,9,6,0.18
P03121,36,5.3,0.53,2,15,0.12
P03122,13,13.3,0.64,5,8,0.22
P03123,36,12.4,0.96,2,5,0.07
P03124,22,12.7,0.85,7,15,0.13
P03125,39,10.2,0.51,3,13,0.15
P03126,36,7.5,0.57,0,4,0.17
P03127,21,13.8,0.49,9,1,0.29
P03128,39,11.1,0.57,4,10,0.19
P03129,19,7.2,0.66,6,2,0.35
P03130,8,4.0,0.35,6,15,0.36
P03131,10,3.3,0.65,2,0,0.33
P03132,32,6.0,0.57,0,13,0.39
P03133,21,12.9,0.32,0,12,0.06
P03134,50,15.0,0.87,7,13,0.05
P03135,27,14.3,0.89,10,5,0.32
P03136,55,5.0,0.87,3,6,0.34
P03137,63,13.9,0.95,0,2,0.31
P03138,20,8.0,0.92,4,8,0.34
P03139,19,11.8,0.54,4,11,0.13
P03140,40,4.1,0.97,10,10,0.17
P03141,38,14.4,0.41,1,8,0.33
P03142,31,2.3,0.87,7,13,0.36
P03143,39,5.9,0.57,10,13,0.34
P03144,9,3.6,0.44,2,12,0.1
P03145,11,8.8,0.51,0,4,0.37
P03146,40,2.7,0.63,5,1,0.32
P03147,25,4.0,0.48,7,11,0.35
P03148,30,6.8,0.45,3,15,0.15
P03149,29,2.5,0.96,8,3,0.34
P03150,32,9.9,0.5,8,15,0.22
P03151,18,3.2,0.5,1,4,0.17
P03152,29,14.3,0.52,8,12,0.18
P03153,33,7.5,0.45,3,13,0.25
P03154,36,2.6,0.48,2,9,0.36
P03155,29,4.2,0.98,8,3,0.15
P03156,7,5.5,0.4,3,5,0.06
P03157,38,4.2,0.48,0,13,0.21
P03158,24,11.7,0.4,3,4,0.16
P03159,49,12.4,0.94,4,13,0.13
P03160,25,10.9,0.5,2,3,0.32
P03161,23,2.4,0.57,7,5,0.12
P03162,52,8.2,0.86,5,12,0.22
P03163,31,2.8,0.31,1,1,0.32
P03164,61,8.5,0.96,3,12,0.11
P03165,33,13.3,0.57,2,10,0.08
P03166,29,14.0,0.31,6,1,0.06
P03167,51,3.7,0.9,2,2,0.37
P03168,22,13.8,0.94,2,12,0.38
P03169,16,2.8,0.57,10,15,0.07
P03170,8,4.5,0.41,0,11,0.19
P03171,15,6.1,0.57,0,12,0.27
P03172,86,4.6,0.88,5,11,0.31
P03173,61,5.7,0.93,6,6,0.18
P03174,62,7.1,0.88,5,3,0.33
P03175,40,6.9,0.51,2,8,0.26
P03176,69,11.2,0.92,6,12,0.36
P03177,40,11.6,0.93,1,0,0.28
P03178,38,12.8,0.39,0,4,0.35
P03179,30,5.5,0.35,2,14,0.08
P03180,19,14.2,0.44,4,3,0.06
P03181,22,11.0,0.44,3,12,0.07
P03182,21,3.7,0.68,7,1,0.14
P03183,77,4.7,0.94,4,8,0.1
P03184,52,5.9,0.95,8,15,0.23
P03185,24,11.1,0.49,3,15,0.18
P03186,13,14.9,0.44,10,14,0.18
P03187,20,12.5,0.9,0,10,0.37
P03188,7,5.6,0.32,10,7,0.3
P03189,83,5.3,0.95,7,10,0.25
P03190,29,12.5,0.35,1,9,0.35
P03191,15,13.6,0.33,6,2,0.24
P03192,7,14.5,0.44,3,9,0.37
P03193,28,4.2,0.92,3,8,0.29
P03194,73,6.0,0.88,8,13,0.37
P03195,72,13.2,0.85,0,12,0.27
P03196,24,2.7,0.64,7,8,0.23
P03197,35,12.9,0.91,8,2,0.15
P03198,20,14.1,0.45,6,15,0.39
P03199,23,14.1,0.33,1,7,0.06
P03200,26,5.6,0.88,2,0,0.34
P03201,5,8.0,0.45,0,1,0.15
P03202,22,12.7,0.69,0,10,0.08
P03203,29,12.9,0.32,3,10,0.18
P03204,17,13.5,0.64,9,11,0.34
P03205,73,3.6,0.9,8,7,0.14
P03206,56,3.2,0.88,3,0,0.15
P03207,87,8.7,0.95,7,10,0.26
P03208,8,11.6,0.41,7,7,0.19
P03209,20,8.3,0.68,7,13,0.33
P03210,24,9.4,0.34,2,1,0.24
P03211,45,7.6,0.89,3,7,0.33
P03212,22,2.1,0.63,5,2,0.23
P03213,25,12.9,0.45,1,0,0.32
P03214,21,5.9,0.49,0,10,0.35
P03215,28,6.8,0.32,1,10,0.26
P03216,40,2.0,0.69,9,2,0.1
P03217,78,13.9,0.89,5,10,0.39
P03218,10,14.3,0.48,5,1,0.19
P03219,35,14.0,0.4,7,0,0.32
P03220,12,8.9,0.52,8,4,0.18
P03221,6,7.0,0.5,9,6,0.39
P03222,53,4.8,0.86,7,6,0.32
P03223,39,13.7,0.53,1,1,0.36
P03224,26,12.5,0.51,10,1,0.37
P03225,6,13.1,0.69,4,2,0.37
P03226,49,4.0,0.91,6,5,0.28
P03227,26,10.8,0.32,6,1,0.36
P03228,14,2.1,0.48,3,8,0.35
P03229,37,13.7,0.97,0,0,0.08
P03230,38,7.9,0.43,10,5,0.12
P03231,10,7.4,0.42,4,7,0.34
P03232,5,10.1,0.64,2,2,0.17
P03233,19,5.0,0.48,5,6,0.39
P03234,11,13.8,0.43,10,9,0.29
P03235,32,13.0,0.68,6,15,0.29
P03236,25,7.1,0.64,2,8,0.08
P03237,51,13.3,0.89,8,0,0.28
P03238,24,8.0,0.87,7,2,0.29
P03239,39,9.8,0.61,7,3,0.21
P03240,75,4.5,0.87,3,7,0.18
P03241,90,12.3,0.88,4,4,0.25
P03242,38,2.7,0.31,4,8,0.25
P03243,37,11.9,0.66,2,11,0.3
P03244,27,5.3,0.59,0,11,0.11
P03245,52,8.6,0.95,8,8,0.06
P03246,33,12.7,0.62,4,0,0.19
P03247,48,8.1,0.88,1,0,0.07
P03248,27,3.3,0.98,3,4,0.38
P03249,12,14.2,0.43,2,9,0.13
P03250,37,12.0,0.91,5,1,0.22
P03251,80,13.0,0.9,6,11,0.08
P03252,8,12.9,0.48,9,13,0.09
P03253,23,4.8,0.44,1,1,0.18
P03254,58,7.0,0.89,6,15,0.22
P03255,5,3.3,0.3,0,7,0.32
P03256,40,11.0,0.4,4,11,0.09
P03257,66,5.1,0.85,5,0,0.23
P03258,30,8.0,0.36,8,11,0.28
P03259,52,13.5,0.96,4,7,0.31
P03260,27,5.7,0.6,0,6,0.3
P03261,7,14.0,0.57,1,13,0.29
P03262,19,5.8,0.44,4,11,0.35
P03263,39,11.4,0.93,10,1,0.11
P03264,36,11.4,0.35,8,8,0.32
P03265,15,5.8,0.58,9,12,0.16
P03266,18,7.9,0.69,6,10,0.32
P03267,10,6.5,0.63,6,0,0.2
P03268,84,10.0,0.98,8,11,0.07
P03269,22,12.4,0.55,0,12,0.29
P03270,33,7.7,0.43,0,15,0.36
P03271,26,5.8,0.86,5,3,0.16
P03272,28,5.8,0.94,4,11,0.19
P03273,40,2.4,0.68,2,1,0.32
P03274,53,11.3,0.96,4,1,0.07
P03275,18,5.2,0.62,9,7,0.11
P03276,24,2.3,0.86,5,4,0.21
P03277,32,9.2,0.36,2,11,0.31
P03278,36,9.4,0.88,8,8,0.22
P03279,90,3.7,0.94,9,2,0.39
P03280,37,5.2,0.41,5,5,0.11
P03281,34,12.1,0.31,8,2,0.35
P03282,24,2.8,0.89,6,9,0.23
P03283,33,9.1,0.49,8,6,0.26
P03284,24,8.7,0.41,10,2,0.14
P03285,21,5.7,0.37,7,8,0.11
P03286,9,14.7,0.47,9,15,0.24
P03287,66,14.0,0.88,10,3,0.06
P03288,73,4.4,0.87,10,5,0.15
P03289,37,13.3,0.66,8,0,0.3
P03290,35,4.5,0.9,8,5,0.27
P03291,6,3.8,0.31,8,10,0.27
P03292,49,7.7,0.9,7,9,0.09
P03293,34,7.7,0.33,10,13,0.39
P03294,73,12.4,0.93,9,11,0.34
P03295,36,12.7,0.36,7,1,0.07
P03296,24,2.1,0.38,5,11,0.26
P03297,32,14.7,0.95,7,4,0.3
P03298,90,9.9,0.87,5,7,0.06
P03299,31,3.5,0.45,6,6,0.1
P03300,9,6.1,0.47,5,14,0.36
P03301,24,13.3,0.48,8,15,0.37
P03302,39,3.6,0.65,1,5,0.18
P03303,80,12.4,0.87,9,11,0.26
P03304,9,8.9,0.6,6,3,0.37
P03305,24,5.3,0.89,7,5,0.12
P03306,36,10.5,0.37,6,3,0.08
P03307,38,3.2,0.49,7,1,0.29
P03308,37,11.8,0.37,2,14,0.36
P03309,11,11.6,0.44,4,15,0.16
P03310,32,10.2,0.39,9,4,0.18
P03311,28,3.6,0.31,5,3,0.26
P03312,10,6.6,0.5,10,15,0.08
P03313,22,10.6,0.91,1,12,0.16
P03314,15,6.7,0.67,7,13,0.36
P03315,40,12.5,0.41,0,8,0.31
P03316,40,2.1,0.48,1,3,0.27
P03317,6,14.4,0.56,6,5,0.24
P03318,23,2.7,0.47,5,8,0.35
P03319,7,3.1,0.44,1,10,0.06
P03320,29,11.7,0.67,7,13,0.23
P03321,80,4.3,0.9,6,3,0.28
P03322,26,10.2,0.65,0,10,0.39
P03323,58,8.8,0.96,4,10,0.32
P03324,16,6.5,0.37,9,14,0.22
P03325,32,5.4,0.69,2,8,0.3
P03326,14,3.3,0.5,1,12,0.17
P03327,40,8.1,0.96,3,1,0.23
P03328,78,6.6,0.96,5,4,0.24
P03329,30,12.8,0.6,10,7,0.27
P03330,21,5.0,0.92,3,14,0.11
P03331,46,5.5,0.97,2,0,0.16
P03332,39,7.0,0.43,1,0,0.3
P03333,13,7.8,0.63,2,4,0.08
P03334,12,12.8,0.45,5,12,0.17
P03335,9,9.8,0.48,7,1,0.3
P03336,39,7.1,0.67,9,2,0.18
P03337,35,12.2,0.37,1,9,0.38
P03338,32,6.2,0.63,9,14,0.22
P03339,62,11.1,0.88,9,4,0.27
P03340,62,4.0,0.92,0,6,0.24
P03341,88,7.2,0.9,2,14,0.2
P03342,5,14.5,0.46,9,0,0.3
P03343,25,12.6,0.36,1,3,0.35
P03344,14,6.0,0.41,9,1,0.16
P03345,34,13.3,0.39,1,0,0.31
P03346,13,9.2,0.63,6,1,0.35
P03347,32,2.1,0.3,3,8,0.17
P03348,8,3.7,0.68,8,8,0.2
P03349,68,6.4,0.9,2,10,0.39
P03350,13,8.6,0.44,0,0,0.35
P03351,65,13.4,0.88,8,3,0.27
P03352,35,9.0,0.96,9,12,0.38
P03353,14,14.6,0.37,1,15,0.08
P03354,38,13.8,0.65,0,3,0.15
P03355,13,14.7,0.52,10,14,0.37
P03356,48,4.6,0.89,3,7,0.08
P03357,23,2.5,0.68,5,15,0.17
P03358,81,6.9,0.96,2,8,0.37
P03359,41,4.3,0.94,7,2,0.23
P03360,20,4.4,0.39,1,0,0.16
P03361,18,2.4,0.37,10,11,0.24
P03362,6,5.5,0.46,10,14,0.15
P03363,25,3.8,0.52,4,1,0.22
P03364,38,12.1,0.32,5,0,0.06
P03365,38,9.5,0.63,8,9,0.19
P03366,13,2.0,0.4,1,3,0.11
P03367,32,14.3,0.66,4,12,0.15
P03368,22,8.8,0.57,0,9,0.3
P03369,86,13.8,0.86,2,8,0.1
P03370,69,4.2,0.85,6,14,0.11
P03371,80,10.9,0.97,0,12,0.14
P03372,9,4.1,0.44,6,7,0.31
P03373,18,10.0,0.69,10,8,0.34
P03374,39,13.0,0.98,10,10,0.26
P03375,36,6.7,0.56,9,1,0.25
P03376,43,12.4,0.9,0,12,0.06
P03377,7,2.4,0.43,3,6,0.22
P03378,36,8.5,0.32,3,9,0.37
P03379,11,13.8,0.64,8,11,0.29
P03380,21,12.1,0.34,7,15,0.12
P03381,39,2.3,0.67,8,11,0.14
P03382,17,14.3,0.51,4,2,0.15
P03383,16,10.0,0.67,1,1,0.12
P03384,28,6.2,0.92,5,9,0.27
P03385,22,4.2,0.9,1,7,0.22
P03386,21,10.7,0.45,1,3,0.29
P03387,25,6.0,0.38,8,3,0.09
P03388,39,9.2,0.95,2,4,0.09
P03389,40,7.1,0.92,2,6,0.2
P03390,28,5.9,0.41,0,9,0.06
P03391,44,8.6,0.91,4,15,0.29
P03392,59,10.4,0.85,0,4,0.3
P03393,11,14.6,0.38,3,0,0.19
P03394,36,4.6,0.45,0,7,0.22
P03395,30,14.4,0.51,10,7,0.21
P03396,55,10.1,0.93,3,0,0.16
P03397,27,6.4,0.59,3,9,0.16
P03398,9,6.2,0.31,2,0,0.37
P03399,54,12.7,0.87,8,9,0.26
P03400,39,14.2,0.69,7,13,0.07
P03401,30,5.7,0.48,8,6,0.33
P03402,21,4.2,0.48,7,5,0.39
P03403,38,2.1,0.98,10,15,0.39
P03404,6,8.2,0.48,5,10,0.2
P03405,30,14.2,0.98,1,0,0.36
P03406,38,7.0,0.33,1,15,0.21
P03407,27,11.7,0.41,5,3,0.2
P03408,23,9.1,0.39,10,4,0.3
P03409,38,8.8,0.59,4,14,0.38
P03410,36,10.7,0.67,10,8,0.34
P03411,19,4.5,0.3,4,6,0.32
P03412,84,8.3,0.92,6,9,0.35
P03413,40,3.6,0.5,1,7,0.16
P03414,40,4.9,0.46,1,13,0.14
P03415,21,14.4,0.31,0,0,0.23
P03416,20,12.5,0.43,5,5,0.13
P03417,34,2.4,0.41,3,4,0.24
P03418,19,13.6,0.38,7,0,0.21
P03419,47,13.6,0.89,0,0,0.29
P03420,5,11.5,0.69,10,14,0.36
P03421,26,11.7,0.5,3,14,0.39
P03422,32,10.0,0.5,3,8,0.21
P03423,22,5.2,0.85,6,13,0.33
P03424,10,2.2,0.47,8,11,0.13
P03425,8,12.3,0.38,3,3,0.36
P03426,8,3.0,0.63,3,1,0.12
P03427,61,6.7,0.89,7,12,0.36
P03428,22,14.0,0.96,0,2,0.08
P03429,23,14.8,0.92,6,6,0.15
P03430,25,11.6,0.88,2,14,0.22
P03431,76,12.1,0.96,4,12,0.26
P03432,36,6.7,0.37,10,5,0.06
P03433,47,2.4,0.94,8,7,0.15
P03434,29,8.1,0.49,3,11,0.06
P03435,35,8.7,0.3,5,6,0.05
P03436,5,6.5,0.53,10,13,0.17
P03437,17,8.4,0.46,1,12,0.11
P03438,61,11.6,0.96,6,15,0.4
P03439,18,11.2,0.34,5,11,0.14
P03440,12,8.5,0.54,2,0,0.16
P03441,25,14.9,0.65,7,2,0.18
P03442,86,13.5,0.95,10,14,0.3
P03443,12,14.2,0.65,5,7,0.26
P03444,40,9.5,0.65,10,12,0.35
P03445,42,4.2,0.92,7,0,0.2
P03446,13,10.5,0.4,4,14,0.36
P03447,23,3.7,0.67,7,8,0.36
P03448,33,9.0,0.58,0,7,0.11
P03449,58,10.7,0.92,5,3,0.18
P03450,5,6.9,0.33,1,14,0.23
P03451,90,7.7,0.98,5,2,0.1
P03452,88,8.5,0.94,2,15,0.27
P03453,22,8.0,0.55,9,1,0.09
P03454,40,3.1,0.59,9,6,0.3
P03455,7,9.6,0.59,9,10,0.11
P03456,23,3.6,0.42,5,5,0.06
P03457,73,3.3,0.9,8,12,0.3
P03458,16,10.0,0.5,3,5,0.29
P03459,46,2.9,0.96,5,0,0.3
P03460,51,5.7,0.85,1,9,0.16
P03461,21,12.8,0.5,3,11,0.3
P03462,38,2.1,0.34,10,3,0.24
P03463,28,9.9,0.67,4,4,0.27
P03464,51,9.5,0.92,3,6,0.29
P03465,16,7.0,0.39,0,7,0.09
P03466,88,7.2,0.98,10,4,0.18
P03467,27,2.6,0.88,7,0,0.33
P03468,9,10.8,0.48,9,14,0.18
P03469,73,8.4,0.92,4,10,0.14
P03470,12,6.6,0.41,8,14,0.36
P03471,16,2.3,0.51,4,2,0.19
P03472,21,13.7,0.56,5,13,0.07
P03473,13,2.8,0.5,0,4,0.11
P03474,28,12.6,0.5,9,0,0.2
P03475,8,5.8,0.54,7,13,0.26
P03476,30,4.9,0.96,3,8,0.21
P03477,24,7.1,0.86,4,4,0.17
P03478,17,11.2,0.63,4,5,0.13
P03479,21,13.4,0.5,10,14,0.39
P03480,18,14.2,0.68,0,2,0.36
P03481,71,2.0,0.9,5,14,0.08
P03482,49,2.3,0.89,9,12,0.09
P03483,79,3.5,0.85,1,5,0.37
P03484,84,2.1,0.94,2,12,0.22
P03485,24,6.6,0.95,6,7,0.17
P03486,25,5.8,0.59,2,4,0.18
P03487,12,3.3,0.6,4,8,0.29
P03488,32,5.0,0.57,0,14,0.07
P03489,50,6.2,0.97,10,13,0.25
P03490,66,13.9,0.92,6,5,0.19
P03491,23,10.2,0.87,9,1,0.25
P03492,18,4.4,0.64,7,15,0.08
P03493,8,6.0,0.61,1,7,0.35
P03494,53,2.5,0.91,3,14,0.29
P03495,25,9.8,0.89,1,9,0.36
P03496,5,12.2,0.31,9,9,0.33
P03497,57,9.2,0.93,9,15,0.12
P03498,22,2.9,0.45,7,7,0.34
P03499,83,3.3,0.9,9,15,0.4
P03500,52,4.1,0.94,2,8,0.05
P03501,22,2.8,0.47,10,4,0.15
P03502,89,13.3,0.88,7,0,0.22
P03503,36,12.7,0.37,10,7,0.17
P03504,24,7.6,0.96,8,0,0.22
P03505,64,4.2,0.97,10,6,0.38
P03506,14,13.0,0.55,4,2,0.11
P03507,25,10.1,0.39,4,7,0.05
P03508,31,13.6,0.96,0,13,0.25
P03509,24,9.9,0.89,10,14,0.27
P03510,38,12.1,0.5,4,7,0.26
P03511,6,10.0,0.43,3,15,0.12
P03512,37,4.7,0.98,0,10,0.11
P03513,26,5.2,0.68,4,4,0.38
P03514,5,6.1,0.48,8,5,0.28
P03515,16,10.2,0.4,9,15,0.27
P03516,27,4.8,0.9,1,5,0.13
P03517,9,6.4,0.48,2,2,0.24
P03518,25,10.3,0.43,0,9,0.4
P03519,13,13.4,0.42,4,9,0.07
P03520,26,4.6,0.38,8,5,0.37
P03521,86,9.8,0.9,5,15,0.22
P03522,26,11.4,0.53,9,5,0.12
P03523,8,12.3,0.68,5,9,0.15
P03524,31,10.7,0.54,7,6,0.33
P03525,10,4.0,0.66,3,6,0.2
P03526,38,4.8,0.67,6,8,0.3
P03527,65,10.7,0.91,1,10,0.25
P03528,11,8.6,0.7,10,9,0.1
P03529,20,9.3,0.5,9,13,0.06
P03530,18,12.7,0.7,10,14,0.18
P03531,38,4.3,0.36,10,7,0.11
P03532,29,6.4,0.59,8,10,0.24
P03533,22,14.3,0.67,0,14,0.22
P03534,55,3.2,0.88,3,8,0.32
P03535,21,13.2,0.59,9,6,0.13
P03536,25,13.9,0.59,1,8,0.11
P03537,40,6.3,0.91,0,12,0.14
P03538,59,11.0,0.91,8,11,0.14
P03539,29,14.2,0.45,8,5,0.14
P03540,42,2.1,0.95,4,0,0.06
P03541,19,10.4,0.53,5,12,0.26
P03542,24,4.3,0.63,2,11,0.25
P03543,87,8.6,0.87,7,4,0.27
P03544,37,5.1,0.62,7,8,0.38
P03545,26,5.7,0.49,3,15,0.15
P03546,40,7.4,0.57,0,2,0.1
P03547,39,15.0,0.93,10,12,0.11
P03548,13,8.8,0.35,10,13,0.22
P03549,40,12.3,0.67,9,0,0.14
P03550,46,4.8,0.86,8,5,0.11
P03551,23,2.1,0.85,10,12,0.13
P03552,87,11.5,0.87,4,8,0.29
P03553,40,6.4,0.47,4,9,0.23
P03554,35,11.4,0.44,7,0,0.08
P03555,25,4.3,0.63,10,15,0.09
P03556,49,12.6,0.98,7,10,0.21
P03557,17,11.0,0.46,5,7,0.19
P03558,28,5.9,0.44,6,1,0.38
P03559,51,13.5,0.96,9,0,0.11
P03560,45,11.6,0.92,4,0,0.29
P03561,89,6.4,0.97,5,9,0.25
P03562,56,14.2,0.98,6,1,0.15
P03563,38,5.6,0.97,9,3,0.13
P03564,32,14.7,0.46,1,7,0.29
P03565,30,7.6,0.48,5,3,0.39
P03566,21,3.2,0.35,0,3,0.15
P03567,35,11.0,0.98,6,11,0.34
P03568,6,13.4,0.53,9,11,0.15
P03569,49,2.1,0.89,1,6,0.24
P03570,62,11.2,0.87,9,7,0.11
P03571,89,15.0,0.89,3,4,0.38
P03572,66,7.5,0.88,1,1,0.32
P03573,18,6.9,0.31,7,1,0.22
P03574,34,12.8,0.4,6,9,0.25
P03575,69,11.0,0.98,2,10,0.18
P03576,17,6.5,0.52,5,4,0.09
P03577,72,11.7,0.91,10,15,0.21
P03578,9,14.9,0.37,10,4,0.3
P03579,21,6.7,0.33,9,1,0.28
P03580,33,13.3,0.86,0,6,0.18
P03581,31,3.1,0.89,6,9,0.34
P03582,23,4.6,0.34,8,15,0.34
P03583,34,13.8,0.42,3,10,0.36
P03584,60,14.5,0.96,10,13,0.1
P03585,22,14.7,0.93,7,12,0.19
P03586,43,11.4,0.9,10,14,0.31
P03587,33,5.5,0.35,10,6,0.09
P03588,30,5.1,0.48,10,6,0.05
P03589,89,3.5,0.9,1,5,0.07
P03590,60,10.8,0.95,10,8,0.24
P03591,68,6.4,0.92,8,12,0.22
P03592,27,9.8,0.56,5,12,0.2
P03593,26,4.0,0.3,3,5,0.33
P03594,23,13.7,0.9,10,4,0.08
P03595,33,4.5,0.62,1,11,0.07
P03596,24,9.6,0.9,7,14,0.1
P03597,24,10.1,0.96,2,10,0.07
P03598,61,5.7,0.85,3,0,0.34
P03599,65,6.2,0.98,4,9,0.17
P03600,37,6.1,0.31,0,11,0.33
P03601,51,12.3,0.89,1,3,0.27
P03602,35,11.1,0.9,2,3,0.17
P03603,36,8.1,0.44,10,1,0.06
P03604,40,9.0,0.46,0,4,0.36
P03605,27,2.3,0.35,9,9,0.34
P03606,40,7.7,0.41,7,10,0.3
P03607,13,6.8,0.65,4,1,0.33
P03608,5,8.5,0.37,1,6,0.19
P03609,13,2.1,0.5,9,0,0.33
P03610,35,6.8,0.46,0,7,0.18
P03611,78,11.3,0.9,0,11,0.35
P03612,40,12.1,0.38,7,11,0.22
P03613,33,12.0,0.6,2,15,0.26
P03614,36,11.2,0.96,9,14,0.22
P03615,15,4.3,0.45,7,4,0.15
P03616,29,9.3,0.56,2,1,0.12
P03617,20,2.6,0.4,8,11,0.28
P03618,58,7.6,0.98,2,12,0.1
P03619,24,13.9,0.64,8,15,0.38
P03620,42,4.7,0.96,1,14,0.21
P03621,32,8.9,0.97,5,9,0.35
P03622,32,8.3,0.52,7,11,0.21
P03623,35,5.9,0.52,0,5,0.11
P03624,31,10.3,0.33,0,8,0.08
P03625,39,14.9,0.68,6,1,0.25
P03626,40,4.9,0.43,6,3,0.08
P03627,23,3.7,0.43,3,5,0.32
P03628,9,7.5,0.58,9,4,0.24
P03629,22,12.9,0.69,7,2,0.18
P03630,27,13.6,0.58,9,5,0.25
P03631,25,14.7,0.64,9,1,0.37
P03632,39,10.8,0.92,0,14,0.12
P03633,81,8.5,0.86,7,0,0.22
P03634,13,6.8,0.36,10,0,0.22
P03635,67,3.4,0.96,5,9,0.23
P03636,79,10.2,0.98,5,6,0.11
P03637,19,12.6,0.59,3,10,0.21
P03638,21,13.5,0.94,0,1,0.15
P03639,28,14.0,0.95,4,5,0.16
P03640,60,9.0,0.92,1,6,0.27
P03641,24,9.9,0.98,7,6,0.24
P03642,20,6.5,0.58,7,14,0.23
P03643,9,12.3,0.38,5,4,0.39
P03644,25,9.2,0.97,8,3,0.28
P03645,27,10.9,0.63,9,0,0.12
P03646,8,2.4,0.61,6,9,0.18
P03647,37,10.1,0.66,9,12,0.39
P03648,42,11.9,0.92,7,6,0.26
P03649,79,7.3,0.94,6,5,0.21
P03650,11,3.4,0.39,8,6,0.34
P03651,28,10.0,0.58,8,9,0.31
P03652,62,10.3,0.96,4,11,0.18
P03653,80,11.5,0.87,1,10,0.1
P03654,8,11.3,0.51,10,15,0.27
P03655,65,8.9,0.93,10,4,0.21
P03656,32,7.9,0.42,5,11,0.12
P03657,21,6.8,0.92,9,14,0.08
P03658,38,4.3,0.67,9,11,0.39
P03659,39,5.7,0.41,3,3,0.31
P03660,17,8.8,0.52,3,1,0.21
P03661,37,9.0,0.54,10,3,0.15
P03662,40,13.7,0.32,0,13,0.17
P03663,13,7.5,0.66,0,10,0.16
P03664,20,10.4,0.95,4,8,0.17
P03665,82,12.7,0.92,2,9,0.22
P03666,45,9.3,0.89,2,10,0.31
P03667,32,7.7,0.94,4,3,0.32
P03668,31,8.5,0.48,6,0,0.29
P03669,34,11.3,0.42,9,10,0.2
P03670,15,13.7,0.46,10,3,0.2
P03671,29,2.7,0.93,7,14,0.22
P03672,30,6.9,0.56,4,15,0.3
P03673,46,3.9,0.92,2,15,0.36
P03674,34,9.6,0.53,5,8,0.29
P03675,27,9.8,0.3,6,1,0.35
P03676,22,14.9,0.96,9,15,0.15
P03677,61,8.2,0.98,4,1,0.35
P03678,77,11.7,0.87,5,6,0.34
P03679,5,4.8,0.41,8,5,0.2
P03680,80,5.9,0.95,9,6,0.13
P03681,82,14.8,0.85,2,0,0.23
P03682,72,6.3,0.93,5,14,0.14
P03683,19,11.7,0.52,8,8,0.4
P03684,33,11.7,0.96,9,15,0.34
P03685,44,14.8,0.88,6,8,0.4
P03686,30,12.3,0.51,2,9,0.16
P03687,30,12.2,0.49,3,8,0.33
P03688,20,6.0,0.66,4,15,0.18
P03689,49,10.9,0.97,4,12,0.1
P03690,36,13.5,0.53,6,0,0.34
P03691,21,10.3,0.69,0,13,0.23
P03692,43,14.9,0.89,1,14,0.3
P03693,6,3.7,0.63,10,10,0.31
P03694,52,11.9,0.97,2,10,0.19
P03695,6,11.4,0.45,5,11,0.08
P03696,59,5.1,0.88,3,3,0.36
P03697,21,9.5,0.5,8,14,0.21
P03698,21,14.8,0.57,9,10,0.16
P03699,26,6.5,0.37,0,14,0.17
P03700,42,6.9,0.96,3,6,0.19
P03701,21,12.5,0.67,9,12,0.39
P03702,30,9.9,0.42,5,14,0.32
P03703,24,3.6,0.92,7,8,0.19
P03704,31,9.0,0.88,8,5,0.29
P03705,14,14.8,0.38,5,13,0.28
P03706,87,8.7,0.91,5,1,0.37
P03707,25,9.5,0.94,9,1,0.3
P03708,6,11.8,0.31,0,15,0.19
P03709,31,10.6,0.45,2,11,0.25
P03710,64,9.8,0.85,2,4,0.15
P03711,18,8.3,0.37,7,6,0.09
P03712,79,9.6,0.87,2,8,0.08
P03713,17,4.0,0.55,5,9,0.13
P03714,13,2.4,0.56,10,1,0.06
P03715,12,4.6,0.52,9,8,0.17
P03716,20,3.6,0.7,4,10,0.13
P03717,17,4.5,0.52,9,7,0.14
P03718,15,8.6,0.53,1,12,0.07
P03719,31,2.5,0.64,0,12,0.07
P03720,8,11.3,0.44,10,11,0.19
P03721,14,7.6,0.57,7,6,0.19
P03722,24,11.6,0.31,2,1,0.3
P03723,39,6.7,0.95,2,1,0.21
P03724,9,11.5,0.4,8,1,0.16
P03725,22,7.3,0.31,10,2,0.26
P03726,39,11.9,0.58,9,13,0.14
P03727,17,2.5,0.39,0,15,0.33
P03728,21,14.3,0.48,9,3,0.19
P03729,35,6.5,0.95,3,9,0.09
P03730,14,3.6,0.63,9,0,0.07
P03731,34,3.7,0.95,5,10,0.18
P03732,17,2.8,0.48,10,11,0.1
P03733,29,8.2,0.51,2,0,0.26
P03734,19,5.2,0.44,7,3,0.28
P03735,32,3.7,0.48,5,9,0.06
P03736,25,8.3,0.31,7,14,0.2
P03737,13,4.4,0.54,9,4,0.14
P03738,26,2.9,0.41,1,0,0.14
P03739,17,11.6,0.69,3,15,0.07
P03740,36,4.7,0.97,2,3,0.11
P03741,74,4.5,0.87,8,11,0.38
P03742,6,6.7,0.31,9,1,0.07
P03743,29,12.3,0.5,8,8,0.21
P03744,71,12.5,0.94,10,4,0.14
P03745,7,10.3,0.38,7,8,0.33
P03746,90,6.3,0.87,1,0,0.26
P03747,39,5.3,0.36,8,0,0.07
P03748,20,3.8,0.58,10,7,0.1
P03749,21,4.6,0.56,2,14,0.2
P03750,55,14.4,0.91,0,13,0.31
P03751,40,8.9,0.68,8,8,0.36
P03752,23,11.3,0.53,1,12,0.07
P03753,23,2.7,0.5,2,13,0.25
P03754,16,10.0,0.69,3,12,0.35
P03755,36,3.5,0.65,7,1,0.21
P03756,78,14.2,0.9,1,10,0.09
P03757,28,13.1,0.36,7,11,0.37
P03758,15,9.3,0.44,10,10,0.21
P03759,45,14.5,0.89,6,2,0.09
P03760,31,13.8,0.98,4,10,0.08
P03761,15,11.7,0.52,5,14,0.1
P03762,51,9.0,0.87,4,8,0.12
P03763,44,5.1,0.94,4,8,0.28
P03764,18,5.1,0.36,0,2,0.17
P03765,32,12.5,0.93,8,3,0.29
P03766,31,5.9,0.37,2,15,0.15
P03767,68,13.4,0.92,0,8,0.2
P03768,8,2.7,0.53,0,12,0.37
P03769,39,7.4,0.67,1,15,0.38
P03770,42,5.7,0.89,0,15,0.11
P03771,67,11.8,0.94,3,2,0.19
P03772,39,10.9,0.64,2,14,0.1
P03773,11,3.3,0.57,4,8,0.38
P03774,33,2.7,0.49,5,0,0.19
P03775,24,14.1,0.33,8,4,0.33
P03776,8,7.5,0.39,6,1,0.21
P03777,20,11.3,0.37,3,13,0.07
P03778,62,9.5,0.9,0,13,0.26
P03779,22,3.2,0.62,5,0,0.36
P03780,27,3.3,0.69,5,1,0.08
P03781,70,14.2,0.91,3,13,0.14
P03782,13,6.4,0.35,6,12,0.4
P03783,65,14.0,0.89,1,12,0.14
P03784,33,4.3,0.35,7,10,0.19
P03785,16,7.0,0.59,0,13,0.07
P03786,52,13.4,0.93,7,15,0.15
P03787,30,10.6,0.87,7,1,0.25
P03788,15,3.8,0.34,3,10,0.06
P03789,8,14.2,0.6,3,14,0.39
P03790,55,6.6,0.97,10,4,0.06
P03791,25,4.8,0.47,5,7,0.19
P03792,29,9.8,0.35,10,4,0.17
P03793,28,3.3,0.46,7,13,0.34
P03794,45,10.0,0.94,8,11,0.26
P03795,31,13.9,0.69,10,6,0.13
P03796,48,5.6,0.94,8,15,0.32
P03797,26,5.4,0.45,8,10,0.18
P03798,57,14.8,0.93,1,9,0.31
P03799,23,13.0,0.68,4,12,0.37
P03800,72,9.5,0.87,4,15,0.23
P03801,34,9.3,0.51,8,6,0.22
P03802,33,8.8,0.5,1,9,0.26
P03803,30,3.2,0.33,1,10,0.26
P03804,26,10.1,0.55,7,14,0.14
P03805,9,8.7,0.46,10,11,0.08
P03806,51,3.4,0.88,0,4,0.05
P03807,46,6.0,0.95,0,2,0.19
P03808,17,13.9,0.36,0,5,0.08
P03809,26,11.1,0.64,3,12,0.3
P03810,50,5.2,0.95,3,14,0.22
P03811,25,10.0,0.61,2,15,0.28
P03812,6,2.7,0.51,2,8,0.24
P03813,19,4.4,0.53,1,10,0.22
P03814,39,11.3,0.3,7,3,0.12
P03815,32,10.3,0.36,0,2,0.06
P03816,22,5.4,0.6,8,10,0.09
P03817,20,8.5,0.92,8,4,0.11
P03818,22,3.9,0.89,7,13,0.36
P03819,16,3.5,0.38,10,2,0.32
P03820,7,7.7,0.36,5,13,0.12
P03821,36,2.1,0.62,2,8,0.26
P03822,40,10.2,0.45,2,0,0.2
P03823,77,2.2,0.98,7,5,0.09
P03824,22,4.7,0.49,7,3,0.29
P03825,23,14.0,0.4,9,1,0.07
P03826,38,11.9,0.61,7,10,0.3
P03827,13,2.9,0.56,2,3,0.17
P03828,17,10.0,0.38,3,1,0.11
P03829,51,10.9,0.95,5,2,0.29
P03830,12,2.7,0.42,5,6,0.36
P03831,10,2.4,0.43,9,8,0.07
P03832,27,12.0,0.97,10,1,0.08
P03833,35,5.4,0.89,3,7,0.25
P03834,76,7.5,0.86,8,13,0.31
P03835,39,2.4,0.47,5,10,0.09
P03836,23,2.3,0.91,7,3,0.3
P03837,40,7.7,0.96,8,4,0.19
P03838,35,13.0,0.55,10,3,0.22
P03839,23,12.3,0.91,0,0,0.37
P03840,67,11.0,0.93,2,0,0.13
P03841,37,9.2,0.89,5,11,0.18
P03842,86,4.3,0.87,1,14,0.12
P03843,11,6.8,0.34,2,8,0.28
P03844,43,12.7,0.94,2,14,0.14
P03845,28,13.6,0.96,8,4,0.3
P03846,22,10.2,0.36,9,2,0.23
P03847,35,2.7,0.89,1,13,0.34
P03848,73,12.8,0.87,8,4,0.28
P03849,20,8.1,0.51,10,5,0.27
P03850,9,12.8,0.63,10,5,0.11
P03851,81,4.7,0.92,3,2,0.3
P03852,24,10.8,0.47,0,13,0.07
P03853,30,3.3,0.46,0,15,0.22
P03854,55,9.7,0.91,7,11,0.17
P03855,52,11.1,0.91,5,7,0.35
P03856,35,2.2,0.64,8,2,0.34
P03857,76,4.1,0.9,6,1,0.22
P03858,5,6.0,0.52,4,6,0.24
P03859,38,7.2,0.33,2,9,0.18
P03860,7,4.9,0.42,0,7,0.21
P03861,37,13.1,0.55,10,10,0.35
P03862,20,11.3,0.59,2,4,0.23
P03863,9,14.0,0.34,10,14,0.16
P03864,37,13.6,0.65,2,13,0.09
P03865,66,13.9,0.86,2,14,0.12
P03866,34,14.6,0.44,9,11,0.24
P03867,72,4.3,0.86,9,2,0.11
P03868,89,6.8,0.91,3,9,0.09
P03869,15,4.6,0.46,4,10,0.33
P03870,28,3.7,0.62,5,1,0.16
P03871,34,10.0,0.48,1,13,0.18
P03872,10,14.8,0.37,7,10,0.08
P03873,9,5.4,0.61,2,12,0.14
P03874,29,8.5,0.58,6,10,0.33
P03875,38,10.6,0.86,5,1,0.12
P03876,17,13.3,0.32,3,5,0.23
P03877,31,9.2,0.97,6,5,0.14
P03878,59,12.2,0.89,9,11,0.24
P03879,46,8.3,0.97,9,7,0.25
P03880,10,14.4,0.47,0,9,0.39
P03881,6,13.8,0.35,8,11,0.35
P03882,19,9.4,0.48,10,14,0.07
P03883,34,7.8,0.41,10,14,0.35
P03884,63,2.6,0.97,10,2,0.38
P03885,31,3.6,0.61,1,0,0.27
P03886,70,11.3,0.97,6,9,0.11
P03887,5,12.4,0.56,1,13,0.11
P03888,22,11.4,0.41,1,9,0.1
P03889,82,13.2,0.92,5,7,0.22
P03890,24,7.6,0.39,3,3,0.07
P03891,7,6.3,0.64,10,1,0.09
P03892,25,4.0,0.91,9,12,0.35
P03893,48,6.4,0.88,2,8,0.32
P03894,32,7.2,0.37,10,0,0.3
P03895,66,11.8,0.93,0,11,0.08
P03896,17,14.8,0.5,0,14,0.3
P03897,27,11.3,0.64,1,15,0.31
P03898,72,8.1,0.97,6,4,0.24
P03899,45,11.5,0.95,9,13,0.19
P03900,54,9.0,0.91,1,8,0.4
P03901,22,7.8,0.5,2,14,0.1
P03902,25,12.9,0.98,9,4,0.28
P03903,9,8.1,0.33,10,4,0.07
P03904,30,6.3,0.91,5,11,0.09
P03905,10,9.9,0.62,4,12,0.16
P03906,12,7.5,0.33,3,6,0.25
P03907,59,7.5,0.91,10,9,0.23
P03908,21,7.4,0.91,4,10,0.24
P03909,23,9.1,0.38,0,14,0.3
P03910,27,13.8,0.3,1,2,0.33
P03911,6,13.3,0.54,10,15,0.39
P03912,26,6.1,0.97,3,11,0.22
P03913,21,14.1,0.45,8,2,0.36
P03914,24,12.9,0.54,6,1,0.31
P03915,27,3.9,0.69,3,7,0.21
P03916,7,13.4,0.36,7,6,0.13
P03917,6,13.1,0.7,0,7,0.11
P03918,39,8.3,0.54,10,10,0.09
P03919,14,9.7,0.53,9,6,0.34
P03920,31,14.3,0.67,2,1,0.35
P03921,58,11.8,0.92,4,5,0.29
P03922,20,14.1,0.7,0,1,0.16
P03923,38,13.9,0.64,6,1,0.08
P03924,20,12.4,0.97,3,14,0.34
P03925,41,6.1,0.93,7,9,0.23
P03926,28,5.7,0.33,7,4,0.31
P03927,10,5.8,0.54,0,8,0.11
P03928,16,4.7,0.46,0,12,0.33
P03929,29,12.7,0.51,4,9,0.06
P03930,39,5.6,0.6,9,4,0.13
P03931,58,14.0,0.93,3,14,0.34
P03932,26,8.9,0.52,8,9,0.37
P03933,49,6.1,0.97,5,11,0.4
P03934,36,4.7,0.67,5,12,0.2
P03935,50,5.9,0.95,5,14,0.39
P03936,68,6.8,0.91,4,4,0.28
P03937,36,11.4,0.52,10,6,0.3
P03938,12,4.7,0.49,10,15,0.09
P03939,22,13.0,0.37,2,2,0.33
P03940,9,14.4,0.64,10,13,0.11
P03941,79,7.4,0.87,3,6,0.26
P03942,21,8.8,0.39,3,7,0.19
P03943,37,5.8,0.85,4,14,0.19
P03944,20,8.2,0.63,3,1,0.08
P03945,36,14.7,0.65,10,7,0.35
P03946,67,14.6,0.94,9,14,0.09
P03947,15,14.0,0.46,1,8,0.4
P03948,17,8.1,0.51,0,13,0.33
P03949,32,5.5,0.89,2,8,0.25
P03950,28,5.9,0.91,6,11,0.26
P03951,86,10.5,0.87,8,0,0.28
P03952,90,2.3,0.9,6,2,0.05
P03953,35,5.6,0.69,2,12,0.13
P03954,34,11.0,0.88,9,9,0.05
P03955,35,8.3,0.91,3,11,0.31
P03956,40,7.4,0.9,8,6,0.4
P03957,22,13.8,0.63,6,14,0.1
P03958,40,10.3,0.44,4,0,0.33
P03959,36,4.8,0.93,9,13,0.11
P03960,55,6.7,0.93,8,12,0.21
P03961,37,11.4,0.5,3,13,0.34
P03962,82,14.4,0.95,5,15,0.29
P03963,72,8.6,0.91,10,13,0.4
P03964,87,12.5,0.88,3,14,0.39
P03965,37,3.8,0.91,7,11,0.05
P03966,89,2.2,0.86,3,0,0.15
P03967,5,6.2,0.47,10,13,0.39
P03968,19,4.5,0.33,7,8,0.14
P03969,20,8.8,0.51,3,4,0.23
P03970,36,12.5,0.97,3,6,0.31
P03971,31,8.6,0.69,8,2,0.25
P03972,64,7.7,0.95,7,6,0.28
P03973,8,2.8,0.5,9,6,0.23
P03974,17,9.5,0.66,2,0,0.09
P03975,20,8.5,0.6,10,15,0.38
P03976,5,7.4,0.68,1,6,0.19
P03977,38,2.2,0.88,2,1,0.19
P03978,38,10.8,0.56,1,14,0.15
P03979,40,9.2,0.44,0,2,0.33
P03980,35,6.7,0.35,7,14,0.33
P03981,34,7.1,0.48,2,3,0.31
P03982,33,10.7,0.7,6,5,0.13
P03983,36,11.4,0.56,10,6,0.27
P03984,23,11.6,0.66,10,4,0.14
P03985,17,14.3,0.67,4,3,0.16
P03986,78,6.9,0.85,10,12,0.38
P03987,70,12.1,0.92,10,4,0.32
P03988,25,13.2,0.63,8,2,0.12
P03989,46,10.5,0.96,0,10,0.37
P03990,54,9.2,0.89,9,1,0.35
P03991,32,6.2,0.37,1,9,0.33
P03992,45,12.8,0.96,10,7,0.34
P03993,29,13.6,0.56,4,0,0.3
P03994,36,6.3,0.42,9,2,0.07
P03995,22,11.2,0.54,10,10,0.28
P03996,40,8.8,0.42,8,5,0.14
P03997,26,12.5,0.44,4,15,0.12
P03998,16,3.0,0.49,4,6,0.37
P03999,19,5.7,0.44,7,14,0.18
P04000,66,7.0,0.86,7,11,0.2
P04001,50,3.8,0.89,10,0,0.08
P04002,16,8.3,0.33,2,6,0.2
P04003,15,14.7,0.6,8,5,0.32
P04004,72,11.6,0.92,3,13,0.25
P04005,21,7.6,0.88,8,15,0.36
P04006,16,8.0,0.64,7,15,0.18
P04007,14,3.1,0.61,4,14,0.09
P04008,75,9.2,0.86,4,11,0.1
P04009,20,3.8,0.97,10,13,0.09
P04010,40,5.1,0.6,10,14,0.37
P04011,14,3.9,0.65,6,1,0.28
P04012,31,12.3,0.6,7,3,0.06
P04013,27,6.7,0.85,5,8,0.25
P04014,25,13.5,0.5,3,9,0.32
P04015,23,11.0,0.87,6,3,0.36
P04016,22,8.3,0.87,7,13,0.15
P04017,13,14.6,0.48,3,7,0.35
P04018,8,10.9,0.32,1,3,0.22
P04019,70,3.9,0.91,3,4,0.07
P04020,6,6.7,0.49,1,10,0.37
P04021,10,7.6,0.62,7,3,0.39
P04022,39,14.3,0.94,10,14,0.1
P04023,17,14.6,0.31,4,15,0.12
P04024,84,10.2,0.93,0,5,0.11
P04025,27,8.7,0.97,6,9,0.31
P04026,37,3.6,0.4,0,14,0.05
P04027,9,6.2,0.51,1,5,0.21
P04028,14,13.3,0.38,6,5,0.09
P04029,44,12.2,0.93,1,5,0.21
P04030,24,3.9,0.87,0,1,0.36
P04031,7,8.9,0.61,1,6,0.36
P04032,34,3.8,0.47,1,10,0.4
P04033,22,8.9,0.47,8,8,0.21
P04034,36,11.1,0.65,8,4,0.27
P04035,73,10.1,0.91,0,3,0.39
P04036,79,4.7,0.9,9,12,0.19
P04037,34,10.7,0.95,10,12,0.31
P04038,8,10.4,0.39,10,14,0.35
P04039,22,5.2,0.97,5,13,0.27
P04040,63,7.7,0.95,7,14,0.28
P04041,36,5.1,0.94,5,12,0.28
P04042,24,13.1,0.64,3,1,0.28
P04043,14,14.6,0.56,7,7,0.27
P04044,42,5.8,0.93,10,15,0.19
P04045,60,9.3,0.97,1,9,0.06
P04046,13,4.6,0.35,8,11,0.14
P04047,26,7.2,0.68,6,13,0.36
P04048,19,11.8,0.64,0,4,0.38
P04049,38,12.5,0.52,6,5,0.13
P04050,82,2.4,0.87,1,8,0.35
P04051,34,2.1,0.93,8,5,0.34
P04052,79,5.0,0.92,4,13,0.38
P04053,40,5.1,0.41,8,13,0.36
P04054,18,8.6,0.43,2,1,0.36
P04055,10,8.7,0.41,2,8,0.16
P04056,18,6.9,0.63,6,2,0.23
P04057,67,11.3,0.9,9,1,0.37
P04058,8,8.9,0.63,6,12,0.13
P04059,23,8.7,0.92,6,6,0.12
P04060,54,12.4,0.92,5,4,0.19
P04061,38,11.3,0.6,7,10,0.2
P04062,70,8.4,0.95,2,7,0.22
P04063,32,3.9,0.33,4,13,0.28
P04064,50,11.7,0.98,5,15,0.29
P04065,29,4.3,0.39,3,6,0.39
P04066,40,8.7,0.97,5,0,0.4
P04067,18,13.6,0.69,4,2,0.13
P04068,54,13.7,0.97,1,9,0.1
P04069,22,4.2,0.98,5,5,0.21
P04070,5,8.2,0.33,9,2,0.11
P04071,60,13.9,0.93,1,15,0.25
P04072,89,8.8,0.87,6,1,0.09
P04073,22,13.5,0.9,3,10,0.19
P04074,61,3.0,0.89,7,3,0.38
P04075,39,9.8,0.43,1,2,0.18
P04076,17,8.3,0.34,1,10,0.16
P04077,27,6.1,0.38,2,7,0.13
P04078,31,11.8,0.39,7,2,0.25
P04079,28,7.7,0.34,2,4,0.24
P04080,34,3.9,0.31,2,9,0.35
P04081,11,5.9,0.63,5,3,0.27
P04082,85,5.4,0.97,3,1,0.28
P04083,32,6.4,0.91,5,2,0.11
P04084,38,13.5,0.33,9,11,0.27
P04085,36,10.5,0.68,3,12,0.3
P04086,33,6.4,0.47,3,13,0.34
P04087,9,7.6,0.59,10,15,0.34
P04088,45,6.8,0.89,9,8,0.2
P04089,12,5.7,0.65,6,7,0.13
P04090,49,11.4,0.95,2,9,0.18
P04091,19,13.9,0.58,2,12,0.09
P04092,11,10.0,0.36,0,2,0.07
P04093,32,13.7,0.7,6,9,0.39
P04094,36,14.5,0.48,5,5,0.13
P04095,75,8.5,0.92,1,8,0.22
P04096,29,14.9,0.43,2,12,0.24
P04097,31,6.8,0.94,5,13,0.13
P04098,24,13.5,0.91,4,12,0.3
P04099,67,3.0,0.87,6,12,0.12
P04100,84,8.3,0.89,10,13,0.17
P04101,19,3.7,0.61,9,7,0.39
P04102,63,12.4,0.96,4,0,0.4
P04103,72,2.9,0.87,3,7,0.27
P04104,31,5.5,0.35,10,8,0.08
P04105,28,5.1,0.9,8,8,0.35
P04106,26,5.7,0.93,8,14,0.3
P04107,39,9.4,0.55,2,6,0.08
P04108,35,5.4,0.39,10,3,0.2
P04109,30,7.6,0.5,3,4,0.23
P04110,27,14.6,0.7,6,10,0.32
P04111,29,9.3,0.88,1,14,0.34
P04112,27,4.5,0.47,8,15,0.29
P04113,25,5.1,0.65,6,15,0.12
P04114,21,10.4,0.69,4,7,0.08
P04115,19,4.5,0.57,0,4,0.32
P04116,5,3.9,0.46,9,11,0.22
P04117,21,6.3,0.35,7,5,0.35
P04118,32,13.4,0.33,2,6,0.21
P04119,72,5.3,0.86,4,12,0.22
P04120,52,9.7,0.91,2,3,0.22
P04121,39,13.1,0.93,8,8,0.13
P04122,83,7.8,0.93,7,6,0.06
P04123,75,8.6,0.93,6,2,0.24
P04124,25,14.0,0.97,5,4,0.26
P04125,36,4.1,0.33,9,14,0.11
P04126,10,9.5,0.52,5,14,0.34
P04127,36,11.3,0.97,5,2,0.2
P04128,7,8.0,0.53,5,0,0.1
P04129,16,6.8,0.58,6,11,0.31
P04130,24,5.6,0.46,9,13,0.17
P04131,37,13.4,0.4,6,13,0.07
P04132,87,2.2,0.98,8,4,0.2
P04133,75,10.3,0.87,2,10,0.1
P04134,13,7.7,0.59,4,13,0.31
P04135,5,9.9,0.43,5,3,0.29
P04136,47,2.1,0.92,4,3,0.29
P04137,77,13.3,0.98,1,6,0.27
P04138,37,8.2,0.57,7,0,0.3
P04139,23,6.6,0.58,7,10,0.3
P04140,17,6.0,0.47,10,6,0.13
P04141,18,11.0,0.69,3,1,0.12
P04142,20,12.6,0.51,10,10,0.12
P04143,32,11.3,0.86,1,10,0.37
P04144,77,10.1,0.9,5,13,0.08
P04145,67,13.3,0.87,8,4,0.3
P04146,38,3.0,0.42,7,9,0.15
P04147,27,10.9,0.31,4,10,0.29
P04148,16,13.0,0.58,7,6,0.23
P04149,6,4.5,0.41,10,8,0.32
P04150,27,12.4,0.67,6,6,0.36
P04151,60,6.2,0.93,2,6,0.31
P04152,40,8.1,0.43,10,9,0.34
P04153,19,11.2,0.43,0,4,0.38
P04154,21,11.6,0.66,3,15,0.18
P04155,7,3.3,0.53,10,3,0.14
P04156,21,4.5,0.41,5,2,0.3
P04157,53,4.4,0.91,2,4,0.1
P04158,38,12.6,0.32,9,15,0.07
P04159,25,11.9,0.65,9,9,0.2
P04160,26,13.3,0.62,10,15,0.17
P04161,54,13.7,0.93,0,9,0.15
P04162,26,11.7,0.88,4,11,0.27
P04163,40,2.6,0.58,10,1,0.34
P04164,12,14.3,0.68,5,6,0.2
P04165,80,6.2,0.97,6,14,0.2
P04166,11,9.1,0.54,7,14,0.36
P04167,14,10.5,0.31,0,8,0.26
P04168,51,2.3,0.9,1,6,0.27
P04169,28,6.5,0.51,9,6,0.09
P04170,23,10.1,0.31,1,11,0.12
P04171,8,8.3,0.63,8,10,0.37
P04172,27,6.1,0.6,0,7,0.24
P04173,36,7.6,0.59,1,0,0.3
P04174,72,2.4,0.88,8,12,0.35
P04175,6,6.1,0.46,4,14,0.14
P04176,60,7.5,0.96,3,8,0.11
P04177,38,9.6,0.52,6,1,0.26
P04178,71,6.0,0.98,1,6,0.2
P04179,20,14.1,0.45,6,2,0.34
P04180,66,10.9,0.87,9,1,0.13
P04181,5,8.0,0.44,10,10,0.23
P04182,54,8.7,0.91,3,3,0.25
P04183,9,10.3,0.31,4,10,0.33
P04184,6,7.7,0.62,7,6,0.21
P04185,6,2.4,0.36,2,10,0.19
P04186,38,12.9,0.94,2,13,0.11
P04187,5,5.3,0.32,6,0,0.4
P04188,34,8.0,0.51,5,15,0.06
P04189,57,6.0,0.89,7,4,0.28
P04190,63,14.8,0.94,1,4,0.34
P04191,70,6.1,0.85,3,13,0.3
P04192,86,13.0,0.89,2,6,0.4
P04193,10,9.0,0.61,6,5,0.28
P04194,36,8.4,0.54,2,7,0.36
P04195,23,4.7,0.54,1,4,0.07
P04196,50,7.2,0.9,10,3,0.14
P04197,72,14.0,0.93,7,6,0.19
P04198,30,6.3,0.45,8,10,0.26
P04199,58,11.5,0.89,0,13,0.32
P04200,26,14.3,0.69,2,14,0.38
P04201,24,2.5,0.31,1,14,0.34
P04202,13,14.5,0.58,5,15,0.31
P04203,41,10.8,0.97,8,0,0.28
P04204,37,3.8,0.94,1,14,0.39
P04205,9,11.2,0.51,6,8,0.14
P04206,87,3.0,0.95,7,2,0.11
P04207,20,10.4,0.62,4,14,0.1
P04208,89,5.8,0.92,10,4,0.15
P04209,69,6.5,0.97,1,5,0.15
P04210,14,12.0,0.54,1,10,0.36
P04211,34,4.0,0.66,8,1,0.16
P04212,76,6.6,0.97,5,3,0.24
P04213,58,9.8,0.89,2,14,0.17
P04214,25,14.8,0.63,4,3,0.14
P04215,69,4.8,0.89,4,13,0.14
P04216,78,5.0,0.94,10,7,0.23
P04217,38,12.7,0.68,3,10,0.34
P04218,84,5.2,0.88,1,7,0.16
P04219,66,7.0,0.98,3,8,0.35
P04220,22,4.7,0.57,4,14,0.37
P04221,15,12.9,0.46,7,4,0.05
P04222,30,4.3,0.37,7,7,0.14
P04223,30,11.3,0.87,10,15,0.08
P04224,58,2.8,0.9,7,5,0.3
P04225,24,12.2,0.93,9,8,0.36
P04226,52,4.6,0.94,7,15,0.18
P04227,25,4.7,0.42,2,10,0.17
P04228,26,5.0,0.48,8,2,0.32
P04229,39,2.2,0.93,8,14,0.15
P04230,20,13.7,0.95,5,3,0.22
P04231,90,14.5,0.95,10,14,0.38
P04232,50,11.5,0.91,5,11,0.06
P04233,54,3.2,0.85,6,11,0.25
P04234,39,7.9,0.57,4,13,0.39
P04235,32,6.4,0.5,2,2,0.16
P04236,7,10.9,0.56,0,2,0.2
P04237,31,4.1,0.88,7,3,0.34
P04238,21,8.4,0.9,2,2,0.32
P04239,21,3.2,0.36,10,2,0.3
P04240,82,5.9,0.94,9,12,0.2
P04241,71,11.5,0.9,4,0,0.26
P04242,72,4.7,0.9,1,5,0.26
P04243,83,4.1,0.93,8,11,0.12
P04244,33,13.8,0.88,1,7,0.3
P04245,29,4.4,0.87,2,5,0.37
P04246,34,2.9,0.66,2,1,0.27
P04247,80,4.0,0.87,8,2,0.34
P04248,40,11.6,0.88,7,12,0.27
P04249,5,8.1,0.42,8,9,0.33
P04250,36,14.3,0.68,7,5,0.3
P04251,5,7.9,0.68,5,9,0.18
P04252,22,5.5,0.96,1,9,0.31
P04253,25,6.5,0.62,2,9,0.37
P04254,72,13.8,0.85,2,15,0.14
P04255,38,9.6,0.97,7,1,0.16
P04256,19,14.4,0.44,0,9,0.27
P04257,23,13.8,0.86,10,15,0.14
P04258,8,4.4,0.5,5,7,0.14
P04259,9,12.2,0.37,5,8,0.37
P04260,30,2.0,0.39,1,8,0.06
P04261,49,9.9,0.92,0,3,0.32
P04262,19,4.8,0.61,6,14,0.35
P04263,30,7.5,0.32,7,15,0.22
P04264,73,11.5,0.96,5,3,0.06
P04265,39,11.6,0.4,3,15,0.25
P04266,85,7.3,0.86,7,8,0.32
P04267,44,6.5,0.85,0,11,0.3
P04268,5,6.7,0.69,4,7,0.17
P04269,82,2.4,0.96,3,7,0.15
P04270,86,14.4,0.97,5,5,0.21
P04271,42,8.2,0.91,1,9,0.19
P04272,16,11.5,0.41,0,12,0.32
P04273,36,3.6,0.58,8,12,0.15
P04274,59,4.6,0.94,0,14,0.13
P04275,6,2.6,0.5,6,7,0.1
P04276,28,5.2,0.54,4,13,0.23
P04277,39,6.9,0.38,4,2,0.33
P04278,65,8.6,0.88,2,10,0.21
P04279,13,4.5,0.3,3,13,0.32
P04280,39,11.3,0.51,10,12,0.33
P04281,16,5.2,0.68,5,5,0.23
P04282,40,3.9,0.88,7,1,0.15
P04283,34,12.0,0.57,2,1,0.27
P04284,13,14.8,0.47,4,4,0.07
P04285,19,5.8,0.67,8,12,0.31
P04286,33,8.6,0.64,2,5,0.36
P04287,41,7.8,0.89,2,2,0.15
P04288,31,14.4,0.65,9,8,0.14
P04289,35,11.8,0.55,4,6,0.38
P04290,35,12.8,0.38,0,5,0.12
P04291,15,7.5,0.3,10,0,0.12
P04292,74,8.1,0.96,9,12,0.29
P04293,54,12.5,0.89,8,10,0.34
P04294,85,13.4,0.97,3,9,0.17
P04295,30,9.4,0.87,3,3,0.39
P04296,26,10.6,0.91,5,13,0.12
P04297,22,7.2,0.38,10,14,0.25
P04298,41,12.8,0.93,0,1,0.12
P04299,28,13.5,0.63,7,14,0.34
P04300,68,11.7,0.86,4,2,0.39
P04301,32,14.9,0.45,2,3,0.37
P04302,40,7.4,0.7,10,3,0.22
P04303,17,3.5,0.49,5,13,0.24
P04304,23,10.0,0.58,7,14,0.17
P04305,38,4.5,0.44,4,2,0.35
P04306,32,3.1,0.59,7,6,0.22
P04307,9,11.7,0.37,5,5,0.14
P04308,40,8.2,0.96,7,14,0.18
P04309,40,8.0,0.64,10,9,0.39
P04310,14,14.2,0.44,5,2,0.28
P04311,80,6.0,0.94,10,12,0.09
P04312,35,10.9,0.5,7,9,0.23
P04313,24,12.6,0.48,1,8,0.09
P04314,40,11.4,0.65,5,8,0.38
P04315,55,8.1,0.86,0,8,0.39
P04316,70,9.0,0.96,9,5,0.37
P04317,78,14.8,0.86,3,14,0.06
P04318,85,12.2,0.88,2,5,0.27
P04319,10,8.3,0.62,5,10,0.16
P04320,28,13.2,0.7,10,2,0.33
P04321,35,4.1,0.42,4,8,0.26
P04322,39,9.0,0.93,5,6,0.24
P04323,86,2.5,0.95,10,0,0.35
P04324,29,3.5,0.56,1,3,0.07
P04325,14,7.3,0.51,8,15,0.08
P04326,8,4.1,0.61,10,10,0.06
P04327,50,14.5,0.87,7,14,0.22
P04328,8,12.7,0.34,10,9,0.11
P04329,26,8.5,0.4,4,1,0.3
P04330,26,12.5,0.54,5,6,0.3
P04331,35,5.6,0.89,2,3,0.07
P04332,27,2.1,0.92,5,9,0.31
P04333,38,3.4,0.61,7,10,0.09
P04334,62,3.4,0.95,2,5,0.27
P04335,11,13.2,0.6,7,9,0.12
P04336,39,12.7,0.3,1,12,0.29
P04337,16,2.1,0.65,7,11,0.36
P04338,27,7.7,0.34,5,6,0.12
P04339,17,6.1,0.61,4,0,0.29
P04340,29,9.6,0.67,7,9,0.13
P04341,56,9.6,0.9,5,3,0.34
P04342,38,6.6,0.67,10,9,0.16
P04343,28,5.5,0.5,4,12,0.33
P04344,28,9.6,0.33,3,2,0.34
P04345,25,4.8,0.31,9,2,0.23
P04346,5,3.7,0.67,10,12,0.22
P04347,27,10.1,0.62,4,3,0.08
P04348,80,11.4,0.91,1,13,0.25
P04349,33,3.4,0.49,7,1,0.19
P04350,50,14.7,0.94,0,2,0.11
P04351,20,5.5,0.62,0,3,0.19
P04352,12,3.1,0.45,9,15,0.37
P04353,8,7.0,0.67,2,14,0.18
P04354,18,8.5,0.48,8,1,0.33
P04355,81,15.0,0.92,2,14,0.35
P04356,19,13.4,0.67,1,0,0.08
P04357,67,8.8,0.94,3,6,0.32
P04358,9,5.4,0.31,0,10,0.17
P04359,6,12.1,0.49,7,2,0.27
P04360,19,12.6,0.33,0,6,0.19
P04361,8,5.2,0.41,0,3,0.21
P04362,87,2.3,0.87,5,4,0.08
P04363,26,12.1,0.91,5,13,0.33
P04364,88,4.9,0.86,3,0,0.35
P04365,79,6.8,0.87,2,15,0.38
P04366,13,9.1,0.43,7,10,0.2
P04367,13,10.9,0.65,5,6,0.38
P04368,31,8.7,0.47,9,11,0.31
P04369,31,6.2,0.97,10,15,0.34
P04370,26,11.6,0.88,1,3,0.27
P04371,8,9.8,0.5,4,3,0.1
P04372,68,12.8,0.91,1,13,0.05
P04373,16,3.5,0.67,1,8,0.36
P04374,23,3.0,0.51,3,14,0.28
P04375,17,2.8,0.67,2,11,0.05
P04376,18,4.0,0.42,5,13,0.29
P04377,24,2.5,0.39,4,5,0.27
P04378,32,9.5,0.69,2,1,0.17
P04379,35,5.1,0.32,6,8,0.28
P04380,24,7.5,0.64,9,7,0.28
P04381,84,9.4,0.86,1,6,0.32
P04382,23,14.0,0.43,0,13,0.15
P04383,12,5.1,0.63,4,2,0.23
P04384,25,4.7,0.54,5,9,0.36
P04385,5,7.5,0.32,8,10,0.27
P04386,45,8.0,0.91,9,1,0.29
P04387,58,4.2,0.88,2,11,0.13
P04388,32,8.5,0.68,3,10,0.08
P04389,70,9.2,0.86,3,12,0.31
P04390,20,11.5,0.33,7,3,0.4
P04391,5,7.2,0.4,1,11,0.14
P04392,34,8.0,0.46,3,8,0.3
P04393,40,5.5,0.38,5,14,0.13
P04394,35,5.5,0.54,3,10,0.27
P04395,18,10.1,0.39,10,14,0.18
P04396,23,14.3,0.55,4,4,0.23
P04397,7,10.4,0.59,10,10,0.27
P04398,29,8.1,0.51,8,15,0.2
P04399,80,11.5,0.98,0,7,0.34
P04400,42,5.7,0.93,9,6,0.26
P04401,34,8.5,0.95,5,1,0.24
P04402,22,13.0,0.58,2,4,0.29
P04403,7,3.1,0.58,7,15,0.38
P04404,22,4.3,0.62,5,3,0.16
P04405,27,8.3,0.88,7,5,0.31
P04406,72,3.1,0.93,0,5,0.33
P04407,7,7.6,0.61,8,0,0.12
P04408,19,12.6,0.46,2,13,0.36
P04409,28,12.1,0.33,6,1,0.11
P04410,5,6.7,0.48,8,8,0.27
P04411,28,12.2,0.59,3,12,0.32
P04412,24,14.9,0.88,6,4,0.26
P04413,80,9.2,0.93,7,6,0.26
P04414,37,4.6,0.95,4,6,0.17
P04415,12,5.3,0.55,4,10,0.19
P04416,64,11.4,0.94,3,2,0.39
P04417,60,11.9,0.91,8,13,0.36
P04418,59,4.4,0.93,0,12,0.3
P04419,23,9.1,0.67,7,8,0.32
P04420,29,13.9,0.67,2,6,0.21
P04421,23,13.5,0.36,0,9,0.08
P04422,28,14.6,0.5,5,10,0.34
P04423,28,10.5,0.43,7,8,0.25
P04424,39,12.6,0.47,10,2,0.33
P04425,41,8.6,0.89,8,1,0.22
P04426,13,5.0,0.39,1,1,0.29
P04427,17,6.5,0.69,10,12,0.07
P04428,40,10.2,0.45,4,5,0.07
P04429,12,13.2,0.46,9,6,0.33
P04430,87,3.0,0.97,4,5,0.33
P04431,57,7.9,0.94,2,11,0.27
P04432,28,3.3,0.61,6,7,0.16
P04433,33,4.6,0.32,8,15,0.37
P04434,8,15.0,0.44,6,4,0.05
P04435,22,8.7,0.35,1,7,0.27
P04436,33,3.6,0.32,6,3,0.38
P04437,34,14.3,0.53,7,13,0.09
P04438,14,11.9,0.61,8,5,0.23
P04439,10,3.8,0.62,6,1,0.23
P04440,31,4.9,0.62,3,7,0.35
P04441,19,11.5,0.54,5,4,0.38
P04442,9,9.5,0.6,1,0,0.12
P04443,83,14.5,0.86,2,13,0.24
P04444,18,13.8,0.66,4,15,0.08
P04445,54,6.1,0.94,9,3,0.1
P04446,86,7.3,0.96,8,11,0.19
P04447,8,13.0,0.41,10,11,0.05
P04448,77,8.7,0.9,0,3,0.19
P04449,25,11.1,0.45,7,9,0.08
P04450,5,4.8,0.58,3,7,0.13
P04451,80,4.9,0.95,8,1,0.1
P04452,7,10.6,0.54,3,8,0.27
P04453,39,6.6,0.57,4,14,0.28
P04454,18,2.2,0.59,3,14,0.35
P04455,22,7.4,0.36,6,1,0.36
P04456,10,3.9,0.43,9,11,0.06
P04457,73,3.9,0.86,5,6,0.14
P04458,37,15.0,0.44,9,15,0.05
P04459,38,14.7,0.9,4,11,0.18
P04460,9,7.9,0.51,2,12,0.19
P04461,75,8.2,0.89,2,1,0.11
P04462,10,14.3,0.68,9,5,0.18
P04463,35,11.2,0.68,4,0,0.1
P04464,75,3.3,0.89,8,12,0.27
P04465,56,10.2,0.87,6,10,0.19
P04466,10,10.8,0.45,7,13,0.08
P04467,40,13.1,0.89,7,5,0.2
P04468,37,4.5,0.5,0,9,0.15
P04469,24,7.6,0.46,5,10,0.27
P04470,30,9.0,0.54,2,11,0.06
P04471,34,10.3,0.88,8,8,0.35
P04472,26,5.6,0.67,4,9,0.09
P04473,28,10.8,0.41,7,7,0.1
P04474,21,2.7,0.87,9,5,0.27
P04475,80,11.2,0.88,7,0,0.13
P04476,9,4.5,0.5,7,0,0.38
P04477,49,5.8,0.96,5,9,0.25
P04478,8,15.0,0.36,2,15,0.38
P04479,41,2.5,0.89,5,3,0.29
P04480,31,5.5,0.52,0,1,0.39
P04481,79,7.3,0.9,8,3,0.18
P04482,84,8.1,0.92,8,8,0.26
P04483,16,4.8,0.67,3,0,0.3
P04484,76,13.7,0.87,6,10,0.39
P04485,40,14.9,0.86,9,14,0.05
P04486,27,3.6,0.88,1,9,0.39
P04487,12,9.1,0.33,5,2,0.28
P04488,83,5.0,0.9,0,15,0.06
P04489,31,6.2,0.59,1,4,0.21
P04490,21,4.4,0.43,9,11,0.36
P04491,15,2.9,0.57,6,7,0.34
P04492,11,4.9,0.36,3,2,0.14
P04493,42,8.4,0.92,9,10,0.38
P04494,84,11.4,0.97,4,2,0.4
P04495,70,7.8,0.88,4,8,0.22
P04496,15,8.5,0.43,7,15,0.13
P04497,50,5.9,0.88,8,13,0.34
P04498,23,2.0,0.88,6,9,0.39
P04499,22,13.1,0.35,5,3,0.31
P04500,78,12.0,0.87,5,15,0.39
P04501,30,7.5,0.42,6,11,0.32
P04502,88,7.5,0.89,9,4,0.08
P04503,21,12.7,0.61,5,2,0.05
P04504,66,2.0,0.9,5,15,0.16
P04505,34,9.5,0.31,1,0,0.31
P04506,13,4.3,0.3,3,1,0.25
P04507,84,9.9,0.93,9,0,0.31
P04508,23,12.3,0.32,5,2,0.08
P04509,26,6.0,0.34,0,9,0.31
P04510,33,7.2,0.67,6,5,0.17
P04511,27,14.5,0.96,0,3,0.08
P04512,35,2.3,0.96,8,8,0.23
P04513,22,12.6,0.7,3,13,0.06
P04514,29,5.4,0.98,8,15,0.19
P04515,19,10.6,0.41,9,15,0.27
P04516,35,6.5,0.3,10,6,0.11
P04517,9,3.6,0.69,4,5,0.08
P04518,29,4.2,0.31,5,7,0.09
P04519,87,4.1,0.86,3,14,0.18
P04520,30,11.7,0.58,10,5,0.37
P04521,39,4.9,0.47,3,4,0.08
P04522,34,11.8,0.52,4,7,0.06
P04523,23,10.7,0.95,1,2,0.39
P04524,29,9.8,0.42,6,14,0.06
P04525,10,6.1,0.68,7,4,0.33
P04526,5,10.0,0.52,1,10,0.22
P04527,6,6.6,0.47,3,13,0.06
P04528,26,10.8,0.47,7,5,0.21
P04529,70,12.2,0.97,0,6,0.39
P04530,35,13.6,0.97,4,6,0.38
P04531,89,5.2,0.9,0,8,0.33
P04532,58,3.3,0.97,7,7,0.27
P04533,33,5.3,0.52,4,0,0.28
P04534,29,7.3,0.89,0,0,0.39
P04535,36,7.3,0.95,6,1,0.35
P04536,21,8.8,0.62,4,14,0.08
P04537,81,4.6,0.86,2,2,0.1
P04538,7,6.0,0.42,4,13,0.11
P04539,71,5.1,0.93,6,7,0.35
P04540,40,11.6,0.97,5,8,0.34
P04541,37,4.7,0.7,0,5,0.38
P04542,41,12.2,0.87,2,14,0.35
P04543,36,13.0,0.35,2,1,0.35
P04544,43,14.2,0.91,0,14,0.13
P04545,6,8.5,0.43,4,4,0.06
P04546,8,14.8,0.55,7,11,0.31
P04547,40,4.4,0.45,9,4,0.36
P04548,66,9.3,0.94,6,1,0.2
P04549,21,4.1,0.56,9,12,0.39
P04550,10,12.0,0.65,7,3,0.26
P04551,10,3.5,0.35,2,11,0.34
P04552,23,14.9,0.33,9,4,0.32
P04553,31,3.8,0.9,7,11,0.17
P04554,15,3.1,0.42,3,13,0.16
P04555,68,13.8,0.89,8,10,0.18
P04556,64,4.3,0.92,8,4,0.32
P04557,37,3.5,0.88,6,9,0.1
P04558,33,11.6,0.49,3,11,0.06
P04559,21,10.5,0.48,10,14,0.24
P04560,11,4.6,0.39,0,4,0.21
P04561,31,3.6,0.9,6,5,0.18
P04562,27,6.7,0.43,4,6,0.29
P04563,68,14.2,0.86,1,12,0.12
P04564,41,4.8,0.93,9,2,0.19
P04565,20,14.3,0.97,4,6,0.24
P04566,5,11.8,0.34,7,10,0.12
P04567,37,11.4,0.41,5,2,0.33
P04568,19,6.6,0.36,9,11,0.28
P04569,31,10.9,0.64,1,8,0.22
P04570,77,5.1,0.95,7,6,0.37
P04571,27,13.2,0.42,4,0,0.13
P04572,66,14.8,0.97,8,11,0.16
P04573,29,11.9,0.36,6,4,0.25
P04574,67,2.8,0.98,2,1,0.34
P04575,42,2.9,0.97,1,9,0.17
P04576,40,8.9,0.95,6,5,0.3
P04577,18,14.1,0.48,9,0,0.19
P04578,38,7.4,0.59,6,2,0.19
P04579,45,4.5,0.91,8,4,0.18
P04580,82,5.1,0.93,0,1,0.06
P04581,29,14.4,0.49,9,13,0.08
P04582,31,5.0,0.39,5,2,0.15
P04583,7,14.2,0.4,6,5,0.21
P04584,80,8.3,0.93,9,1,0.33
P04585,36,8.2,0.44,2,11,0.38
P04586,5,13.0,0.7,9,10,0.07
P04587,59,12.0,0.92,7,4,0.16
P04588,12,13.9,0.36,3,15,0.26
P04589,7,7.1,0.5,1,12,0.37
P04590,55,14.4,0.88,6,2,0.15
P04591,18,13.0,0.63,5,8,0.26
P04592,28,11.5,0.33,4,6,0.4
P04593,68,14.8,0.95,3,15,0.33
P04594,12,5.7,0.34,3,1,0.14
P04595,22,8.5,0.36,5,4,0.37
P04596,40,3.8,0.41,0,7,0.27
P04597,18,4.2,0.41,1,10,0.27
P04598,21,7.0,0.35,7,3,0.21
P04599,65,7.1,0.87,6,13,0.07
P04600,24,7.9,0.52,7,10,0.32
P04601,21,3.8,0.33,0,1,0.19
P04602,25,14.9,0.44,3,7,0.3
P04603,35,13.1,0.53,9,14,0.17
P04604,55,13.2,0.89,9,0,0.23
P04605,26,13.9,0.91,3,9,0.34
P04606,77,5.0,0.89,1,7,0.26
P04607,35,6.6,0.62,3,3,0.33
P04608,58,6.5,0.87,10,15,0.2
P04609,57,2.8,0.93,2,15,0.39
P04610,18,3.1,0.59,7,9,0.24
P04611,79,9.2,0.89,3,9,0.28
P04612,26,2.6,0.48,6,2,0.39
P04613,25,4.8,0.31,7,9,0.07
P04614,75,12.3,0.95,2,3,0.24
P04615,79,7.9,0.98,1,9,0.15
P04616,63,5.1,0.9,4,13,0.11
P04617,78,14.4,0.86,3,8,0.22
P04618,26,4.6,0.63,1,2,0.26
P04619,19,5.6,0.42,7,2,0.27
P04620,59,13.7,0.96,6,0,0.3
P04621,28,6.3,0.54,3,8,0.19
P04622,16,7.6,0.6,1,8,0.35
P04623,13,6.7,0.35,5,11,0.31
P04624,65,6.4,0.91,1,12,0.21
P04625,5,13.0,0.34,4,2,0.28
P04626,35,5.7,0.48,0,0,0.21
P04627,52,3.9,0.95,1,13,0.38
P04628,8,2.5,0.56,8,7,0.27
P04629,35,7.0,0.5,2,3,0.35
P04630,14,14.6,0.55,6,3,0.23
P04631,12,7.9,0.7,3,14,0.23
P04632,64,13.4,0.93,3,9,0.22
P04633,25,7.2,0.49,5,2,0.16
P04634,15,4.9,0.5,3,5,0.29
P04635,27,7.2,0.7,8,8,0.15
P04636,11,10.9,0.69,5,15,0.35
P04637,24,2.1,0.9,7,4,0.37
P04638,73,13.5,0.85,7,4,0.37
P04639,25,8.3,0.42,6,13,0.3
P04640,30,5.7,0.42,7,11,0.14
P04641,26,14.2,0.68,4,3,0.06
P04642,7,4.6,0.62,9,9,0.12
P04643,77,4.9,0.87,4,4,0.29
P04644,40,11.8,0.57,4,5,0.17
P04645,16,8.8,0.31,3,8,0.37
P04646,29,2.7,0.5,3,10,0.09
P04647,23,14.5,0.41,1,4,0.15
P04648,23,12.6,0.69,9,12,0.08
P04649,79,2.9,0.97,0,7,0.26
P04650,86,2.6,0.96,0,12,0.25
P04651,33,5.1,0.32,1,13,0.08
P04652,86,8.5,0.97,6,4,0.36
P04653,19,6.9,0.35,8,8,0.14
P04654,34,7.6,0.4,2,3,0.37
P04655,26,6.4,0.9,7,15,0.11
P04656,5,10.6,0.54,6,12,0.32
P04657,63,3.2,0.9,0,9,0.08
P04658,24,13.0,0.61,5,5,0.08
P04659,37,7.7,0.63,5,1,0.36
P04660,75,3.4,0.88,0,8,0.22
P04661,5,7.0,0.68,3,11,0.39
P04662,43,7.0,0.98,2,6,0.11
P04663,30,2.5,0.56,3,1,0.21
P04664,31,2.2,0.34,9,7,0.07
P04665,23,6.6,0.58,10,5,0.18
P04666,78,10.3,0.89,6,15,0.24
P04667,31,7.8,0.93,3,14,0.12
P04668,13,13.4,0.69,0,10,0.21
P04669,34,14.4,0.56,0,8,0.06
P04670,11,10.2,0.49,0,1,0.15
P04671,45,9.7,0.89,7,2,0.3
P04672,25,9.0,0.45,4,11,0.07
P04673,17,8.9,0.33,0,14,0.15
P04674,90,4.1,0.93,4,1,0.08
P04675,36,12.2,0.65,4,9,0.22
P04676,39,4.4,0.46,2,14,0.13
P04677,10,7.4,0.61,9,5,0.13
P04678,30,11.2,0.67,1,2,0.08
P04679,30,14.4,0.64,7,0,0.12
P04680,24,14.0,0.67,2,12,0.08
P04681,23,11.7,0.89,10,8,0.33
P04682,37,8.7,0.57,7,6,0.36
P04683,35,10.4,0.9,0,11,0.05
P04684,26,4.8,0.47,0,9,0.16
P04685,36,7.1,0.96,9,11,0.31
P04686,5,11.8,0.6,2,15,0.12
P04687,26,11.4,0.41,2,9,0.17
P04688,58,2.2,0.98,4,7,0.16
P04689,20,14.1,0.46,0,0,0.34
P04690,39,9.4,0.96,10,7,0.13
P04691,30,3.8,0.89,0,7,0.18
P04692,69,3.6,0.98,8,1,0.22
P04693,29,5.8,0.6,10,3,0.18
P04694,47,12.7,0.91,1,9,0.36
P04695,29,14.0,0.52,2,6,0.13
P04696,21,2.0,0.39,8,12,0.15
P04697,38,7.0,0.59,0,15,0.32
P04698,15,4.8,0.57,2,2,0.1
P04699,56,13.4,0.9,6,14,0.06
P04700,28,12.9,0.63,1,1,0.33
P04701,9,10.5,0.31,1,11,0.33
P04702,10,13.3,0.44,2,9,0.34
P04703,10,2.5,0.59,7,4,0.39
P04704,15,2.0,0.47,9,14,0.21
P04705,26,12.8,0.88,9,3,0.31
P04706,11,13.7,0.69,3,0,0.12
P04707,30,6.4,0.34,5,14,0.08
P04708,33,11.0,0.53,9,14,0.15
P04709,35,9.7,0.63,3,0,0.25
P04710,24,14.8,0.66,5,7,0.08
P04711,20,3.1,0.66,5,5,0.15
P04712,45,8.9,0.96,4,12,0.07
P04713,19,14.1,0.33,6,6,0.05
P04714,29,14.8,0.55,7,7,0.18
P04715,28,13.0,0.86,7,2,0.34
P04716,23,13.8,0.89,2,13,0.33
P04717,33,4.7,0.5,5,5,0.18
P04718,12,8.0,0.38,1,1,0.16
P04719,5,4.3,0.57,7,11,0.16
P04720,19,8.5,0.63,8,1,0.2
P04721,21,10.9,0.49,9,7,0.13
P04722,14,6.4,0.63,6,0,0.21
P04723,19,7.0,0.57,6,5,0.13
P04724,36,9.5,0.56,5,13,0.18
P04725,30,2.6,0.36,1,4,0.1
P04726,67,6.8,0.88,9,1,0.13
P04727,11,8.1,0.34,10,5,0.1
P04728,22,13.2,0.67,3,3,0.07
P04729,20,11.1,0.45,10,0,0.31
P04730,85,12.4,0.92,10,5,0.24
P04731,12,3.7,0.7,8,0,0.11
P04732,37,5.0,0.92,7,4,0.24
P04733,54,5.2,0.95,9,3,0.13
P04734,25,10.5,0.9,9,7,0.29
P04735,13,11.3,0.32,6,5,0.1
P04736,11,7.9,0.4,1,3,0.09
P04737,11,14.2,0.65,10,6,0.3
P04738,58,13.0,0.92,3,9,0.12
P04739,33,14.6,0.47,1,10,0.18
P04740,40,14.7,0.55,3,13,0.28
P04741,39,5.6,0.64,4,7,0.31
P04742,34,6.6,0.91,5,9,0.36
P04743,27,6.7,0.36,3,11,0.29
P04744,17,9.3,0.66,2,14,0.06
P04745,6,8.5,0.37,10,13,0.11
P04746,38,3.1,0.36,9,4,0.23
P04747,7,10.3,0.48,0,8,0.27
P04748,38,11.6,0.63,1,7,0.18
P04749,33,2.4,0.53,3,6,0.07
P04750,10,12.2,0.54,10,7,0.39
P04751,21,10.1,0.9,1,13,0.13
P04752,8,8.9,0.52,10,11,0.17
P04753,43,11.7,0.88,5,14,0.06
P04754,20,11.5,0.38,3,4,0.15
P04755,27,7.8,0.61,0,6,0.19
P04756,39,10.2,0.91,9,4,0.35
P04757,19,5.8,0.5,9,4,0.12
P04758,44,13.4,0.95,8,2,0.26
P04759,84,5.0,0.97,2,15,0.19
P04760,15,14.5,0.34,1,2,0.15
P04761,24,4.9,0.32,4,13,0.18
P04762,23,6.9,0.68,10,2,0.27
P04763,82,12.3,0.91,3,3,0.37
P04764,27,11.5,0.36,10,1,0.08
P04765,31,3.6,0.9,2,8,0.27
P04766,24,14.7,0.91,7,5,0.1
P04767,79,3.3,0.95,3,13,0.28
P04768,13,12.4,0.49,9,11,0.26
P04769,29,7.8,0.92,1,5,0.22
P04770,38,4.4,0.41,0,5,0.07
P04771,57,12.3,0.91,5,3,0.29
P04772,31,3.6,0.35,1,7,0.37
P04773,28,9.6,0.34,4,5,0.09
P04774,11,6.2,0.35,10,7,0.34
P04775,36,5.6,0.31,1,0,0.2
P04776,29,14.2,0.51,1,3,0.17
P04777,38,6.4,0.68,2,12,0.32
P04778,89,4.9,0.93,6,9,0.26
P04779,20,13.6,0.86,6,11,0.09
P04780,45,10.9,0.86,8,14,0.38
P04781,12,6.5,0.4,10,12,0.34
P04782,13,14.5,0.34,8,6,0.26
P04783,26,11.7,0.51,7,9,0.08
P04784,8,13.3,0.35,4,0,0.28
P04785,72,12.2,0.96,8,6,0.39
P04786,36,5.2,0.86,9,1,0.26
P04787,10,6.1,0.66,0,0,0.14
P04788,19,11.0,0.42,9,7,0.3
P04789,34,6.5,0.34,3,15,0.17
P04790,47,2.6,0.98,10,13,0.33
P04791,16,2.0,0.33,10,7,0.29
P04792,23,13.9,0.91,7,8,0.17
P04793,35,5.9,0.47,3,9,0.4
P04794,38,9.8,0.89,5,4,0.13
P04795,30,12.5,0.69,9,14,0.08
P04796,16,2.9,0.38,7,9,0.07
P04797,86,3.7,0.95,5,13,0.33
P04798,23,8.6,0.92,7,11,0.33
P04799,43,7.2,0.86,2,12,0.17
P04800,75,13.0,0.89,7,10,0.08
P04801,53,9.9,0.97,6,2,0.27
P04802,17,5.2,0.53,5,12,0.09
P04803,23,9.6,0.87,5,6,0.16
P04804,7,10.9,0.37,5,0,0.06
P04805,67,14.4,0.87,8,4,0.38
P04806,20,11.3,0.33,5,10,0.21
P04807,22,4.2,0.45,9,14,0.07
P04808,37,14.7,0.34,1,11,0.12
P04809,19,12.3,0.54,10,9,0.36
P04810,58,10.0,0.91,10,7,0.06
P04811,39,13.7,0.56,7,3,0.19
P04812,32,9.0,0.49,2,4,0.16
P04813,45,5.0,0.95,9,9,0.2
P04814,68,8.1,0.89,3,11,0.34
P04815,34,4.2,0.61,3,9,0.13
P04816,39,11.0,0.88,10,13,0.14
P04817,51,3.5,0.89,2,4,0.33
P04818,46,7.5,0.96,5,11,0.33
P04819,80,8.9,0.95,6,1,0.37
P04820,22,5.3,0.7,7,2,0.2
P04821,71,2.1,0.96,3,2,0.15
P04822,20,5.2,0.87,9,7,0.12
P04823,22,13.2,0.7,6,7,0.1
P04824,80,11.9,0.9,5,13,0.35
P04825,8,9.2,0.43,2,1,0.13
P04826,40,13.6,0.4,9,14,0.1
P04827,28,9.5,0.45,0,11,0.23
P04828,11,9.5,0.5,0,13,0.07
P04829,83,13.9,0.89,6,8,0.38
P04830,14,2.1,0.65,10,15,0.18
P04831,67,7.3,0.88,3,14,0.08
P04832,22,10.3,0.66,0,6,0.12
P04833,11,6.7,0.52,10,12,0.31
P04834,8,6.3,0.68,0,6,0.34
P04835,34,9.7,0.62,9,8,0.15
P04836,88,10.4,0.95,3,12,0.39
P04837,12,2.2,0.32,3,15,0.32
P04838,34,15.0,0.97,2,7,0.22
P04839,33,2.1,0.35,4,1,0.09
P04840,72,5.6,0.98,5,4,0.23
P04841,62,10.2,0.92,0,14,0.35
P04842,30,2.4,0.36,10,1,0.14
P04843,14,11.3,0.31,5,8,0.19
P04844,57,14.2,0.94,4,14,0.06
P04845,44,2.8,0.96,4,2,0.39
P04846,73,2.3,0.85,5,12,0.16
P04847,35,5.2,0.43,4,13,0.14
P04848,76,5.4,0.95,10,11,0.38
P04849,22,4.9,0.93,4,5,0.22
P04850,40,9.9,0.42,5,4,0.22
P04851,39,5.6,0.6,1,12,0.17
P04852,33,7.2,0.59,7,3,0.3
P04853,88,2.6,0.87,10,15,0.09
P04854,70,10.8,0.85,9,4,0.26
P04855,33,3.1,0.45,9,3,0.25
P04856,25,7.4,0.49,9,15,0.12
P04857,86,3.5,0.98,2,10,0.28
P04858,61,14.5,0.91,5,10,0.16
P04859,37,10.5,0.66,5,0,0.27
P04860,9,3.0,0.59,5,11,0.26
P04861,57,6.0,0.9,9,3,0.32
P04862,90,3.7,0.88,5,8,0.09
P04863,35,13.4,0.85,8,8,0.37
P04864,63,14.8,0.91,10,1,0.06
P04865,34,10.0,0.56,7,1,0.07
P04866,8,9.4,0.44,10,5,0.23
P04867,24,3.2,0.68,5,6,0.14
P04868,18,6.4,0.48,9,4,0.19
P04869,83,14.5,0.92,8,15,0.26
P04870,24,7.1,0.52,0,1,0.28
P04871,10,11.1,0.62,1,5,0.25
P04872,24,3.7,0.41,8,12,0.28
P04873,71,13.6,0.9,0,7,0.24
P04874,32,5.1,0.89,3,14,0.26
P04875,18,5.5,0.45,1,1,0.08
P04876,34,5.5,0.87,9,12,0.34
P04877,80,4.2,0.85,7,14,0.31
P04878,26,10.1,0.63,1,14,0.32
P04879,27,14.0,0.61,4,9,0.07
P04880,85,14.2,0.86,3,11,0.3
P04881,15,4.4,0.63,8,14,0.28
P04882,36,12.8,0.53,1,15,0.16
P04883,33,4.3,0.97,6,0,0.1
P04884,24,12.7,0.46,4,3,0.19
P04885,74,12.1,0.86,9,8,0.39
P04886,10,10.0,0.39,6,15,0.21
P04887,23,11.4,0.61,10,8,0.22
P04888,6,10.7,0.66,9,11,0.39
P04889,38,9.6,0.48,9,4,0.38
P04890,15,13.5,0.55,2,5,0.24
P04891,57,12.9,0.92,1,5,0.06
P04892,10,12.6,0.34,5,9,0.07
P04893,18,2.9,0.53,7,5,0.08
P04894,80,14.6,0.92,2,11,0.16
P04895,10,11.7,0.68,8,5,0.14
P04896,37,4.0,0.64,0,2,0.05
P04897,59,11.0,0.97,5,0,0.16
P04898,14,3.1,0.33,0,2,0.37
P04899,35,3.9,0.58,5,12,0.34
P04900,23,7.3,0.69,4,5,0.08
P04901,70,13.9,0.94,8,13,0.28
P04902,23,13.7,0.45,5,10,0.29
P04903,36,7.5,0.41,0,10,0.3
P04904,44,12.6,0.94,9,6,0.37
P04905,44,6.3,0.98,4,0,0.1
P04906,7,14.3,0.69,10,0,0.24
P04907,81,4.8,0.89,4,12,0.38
P04908,34,5.2,0.97,3,5,0.13
P04909,65,8.4,0.97,2,6,0.3
P04910,79,2.8,0.97,10,7,0.3
P04911,27,6.1,0.88,9,12,0.28
P04912,24,3.0,0.64,4,2,0.39
P04913,32,14.0,0.93,2,4,0.34
P04914,24,12.5,0.64,4,12,0.27
P04915,29,8.1,0.97,10,3,0.05
P04916,87,11.5,0.94,5,5,0.37
P04917,20,9.9,0.63,8,2,0.12
P04918,30,13.3,0.48,7,14,0.35
P04919,53,13.5,0.97,6,5,0.24
P04920,39,12.5,0.52,7,11,0.31
P04921,37,12.2,0.44,3,15,0.18
P04922,49,10.0,0.88,10,9,0.15
P04923,48,12.1,0.96,2,15,0.16
P04924,30,13.6,0.4,1,10,0.3
P04925,27,9.3,0.93,3,13,0.38
P04926,69,13.6,0.87,6,6,0.12
P04927,10,14.1,0.37,9,2,0.24
P04928,20,14.8,0.48,8,11,0.16
P04929,38,4.9,0.58,2,12,0.39
P04930,51,4.8,0.9,9,7,0.11
P04931,16,11.9,0.48,5,4,0.22
P04932,9,11.8,0.7,0,15,0.37
P04933,32,6.8,0.6,10,0,0.07
P04934,31,7.7,0.41,7,0,0.18
P04935,34,7.2,0.51,9,11,0.33
P04936,32,12.5,0.41,4,11,0.06
P04937,83,9.4,0.94,8,3,0.13
P04938,89,12.9,0.9,9,13,0.29
P04939,24,8.3,0.54,8,2,0.14
P04940,20,14.9,0.88,2,14,0.31
P04941,20,10.0,0.97,2,5,0.13
P04942,85,14.3,0.98,2,9,0.12
P04943,49,2.6,0.87,2,4,0.4
P04944,13,14.9,0.53,1,3,0.35
P04945,36,13.5,0.6,6,8,0.05
P04946,21,4.6,0.87,9,2,0.38
P04947,36,13.6,0.93,0,13,0.28
P04948,86,3.0,0.98,2,9,0.2
P04949,10,3.4,0.69,0,10,0.33
P04950,32,6.8,0.3,1,2,0.32
P04951,25,11.7,0.52,4,4,0.24
P04952,11,9.2,0.69,3,2,0.3
P04953,52,8.3,0.98,10,11,0.13
P04954,6,6.1,0.43,3,6,0.1
P04955,43,2.8,0.94,1,8,0.23
P04956,27,6.9,0.32,9,14,0.09
P04957,13,6.3,0.5,5,12,0.39
P04958,33,11.7,0.86,3,1,0.38
P04959,18,10.2,0.51,8,13,0.21
P04960,57,11.4,0.91,0,3,0.4
P04961,76,8.4,0.87,9,11,0.07
P04962,76,6.7,0.88,3,4,0.28
P04963,9,8.0,0.37,0,9,0.22
P04964,14,3.5,0.58,4,4,0.24
P04965,71,5.4,0.98,0,4,0.28
P04966,83,4.5,0.87,8,7,0.17
P04967,19,5.6,0.36,8,8,0.15
P04968,45,14.8,0.86,2,3,0.25
P04969,40,13.9,0.37,0,8,0.06
P04970,36,8.2,0.36,0,4,0.33
P04971,11,10.2,0.69,10,0,0.38
P04972,23,13.5,0.55,6,15,0.21
P04973,68,6.7,0.85,7,15,0.15
P04974,23,12.4,0.41,5,1,0.16
P04975,12,7.9,0.55,9,2,0.15
P04976,21,7.7,0.38,0,8,0.07
P04977,81,2.5,0.91,1,1,0.09
P04978,56,9.1,0.9,5,9,0.23
P04979,51,9.6,0.91,10,2,0.21
P04980,5,5.5,0.43,5,3,0.09
P04981,18,10.4,0.64,2,13,0.19
P04982,29,2.6,0.67,1,0,0.07
P04983,31,14.2,0.86,2,13,0.17
P04984,60,13.2,0.98,10,1,0.35
P04985,38,13.6,0.54,5,8,0.13
P04986,12,12.5,0.37,3,8,0.16
P04987,33,12.4,0.98,3,4,0.25
P04988,88,14.8,0.96,6,12,0.07
P04989,10,11.5,0.58,10,6,0.06
P04990,27,14.6,0.58,3,4,0.06
P04991,36,5.9,0.54,5,5,0.17
P04992,40,8.6,0.54,2,14,0.4
P04993,18,7.0,0.46,6,10,0.08
P04994,13,8.9,0.34,9,0,0.34
P04995,19,7.4,0.57,1,9,0.38
P04996,82,14.0,0.92,4,15,0.25
P04997,45,4.9,0.91,7,4,0.09
P04998,18,3.8,0.65,7,5,0.36
P04999,21,4.8,0.96,10,15,0.15
P05000,35,7.9,0.95,7,11,0.37
